PRAGMA foreign_keys=OFF;
BEGIN TRANSACTION;
CREATE TABLE IF NOT EXISTS "django_migrations" ("id" integer NOT NULL PRIMARY KEY AUTOINCREMENT, "app" varchar(255) NOT NULL, "name" varchar(255) NOT NULL, "applied" datetime NOT NULL);
INSERT INTO django_migrations VALUES(1,'contenttypes','0001_initial','2023-11-03 21:10:12.099443');
INSERT INTO django_migrations VALUES(2,'auth','0001_initial','2023-11-03 21:10:12.572748');
INSERT INTO django_migrations VALUES(3,'admin','0001_initial','2023-11-03 21:10:12.990146');
INSERT INTO django_migrations VALUES(4,'admin','0002_logentry_remove_auto_add','2023-11-03 21:10:13.348830');
INSERT INTO django_migrations VALUES(5,'admin','0003_logentry_add_action_flag_choices','2023-11-03 21:10:13.623399');
INSERT INTO django_migrations VALUES(6,'contenttypes','0002_remove_content_type_name','2023-11-03 21:10:13.810087');
INSERT INTO django_migrations VALUES(7,'auth','0002_alter_permission_name_max_length','2023-11-03 21:10:14.055989');
INSERT INTO django_migrations VALUES(8,'auth','0003_alter_user_email_max_length','2023-11-03 21:10:14.328979');
INSERT INTO django_migrations VALUES(9,'auth','0004_alter_user_username_opts','2023-11-03 21:10:14.692312');
INSERT INTO django_migrations VALUES(10,'auth','0005_alter_user_last_login_null','2023-11-03 21:10:14.860936');
INSERT INTO django_migrations VALUES(11,'auth','0006_require_contenttypes_0002','2023-11-03 21:10:15.096669');
INSERT INTO django_migrations VALUES(12,'auth','0007_alter_validators_add_error_messages','2023-11-03 21:10:15.247850');
INSERT INTO django_migrations VALUES(13,'auth','0008_alter_user_username_max_length','2023-11-03 21:10:15.405187');
INSERT INTO django_migrations VALUES(14,'auth','0009_alter_user_last_name_max_length','2023-11-03 21:10:15.667617');
INSERT INTO django_migrations VALUES(15,'auth','0010_alter_group_name_max_length','2023-11-03 21:10:15.936248');
INSERT INTO django_migrations VALUES(16,'auth','0011_update_proxy_permissions','2023-11-03 21:10:16.219502');
INSERT INTO django_migrations VALUES(17,'auth','0012_alter_user_first_name_max_length','2023-11-03 21:10:16.392553');
INSERT INTO django_migrations VALUES(18,'sessions','0001_initial','2023-11-03 21:10:16.894849');
INSERT INTO django_migrations VALUES(19,'service','0001_initial','2023-11-03 21:16:58.906004');
INSERT INTO django_migrations VALUES(20,'service','0002_order_order_id','2023-11-04 00:00:13.816188');
INSERT INTO django_migrations VALUES(21,'service','0003_menucategory_disabled','2023-11-04 19:02:13.551981');
INSERT INTO django_migrations VALUES(22,'service','0004_payment','2023-11-04 21:31:28.491132');
INSERT INTO django_migrations VALUES(23,'django_celery_results','0001_initial','2023-11-04 23:23:36.732103');
INSERT INTO django_migrations VALUES(24,'django_celery_results','0002_add_task_name_args_kwargs','2023-11-04 23:23:36.913841');
INSERT INTO django_migrations VALUES(25,'django_celery_results','0003_auto_20181106_1101','2023-11-04 23:23:37.095971');
INSERT INTO django_migrations VALUES(26,'django_celery_results','0004_auto_20190516_0412','2023-11-04 23:23:37.340787');
INSERT INTO django_migrations VALUES(27,'django_celery_results','0005_taskresult_worker','2023-11-04 23:23:37.746912');
INSERT INTO django_migrations VALUES(28,'django_celery_results','0006_taskresult_date_created','2023-11-04 23:23:37.939430');
INSERT INTO django_migrations VALUES(29,'django_celery_results','0007_remove_taskresult_hidden','2023-11-04 23:23:38.274028');
INSERT INTO django_migrations VALUES(30,'django_celery_results','0008_chordcounter','2023-11-04 23:23:38.530314');
INSERT INTO django_migrations VALUES(31,'django_celery_results','0009_groupresult','2023-11-04 23:23:38.897291');
INSERT INTO django_migrations VALUES(32,'django_celery_results','0010_remove_duplicate_indices','2023-11-04 23:23:39.170879');
INSERT INTO django_migrations VALUES(33,'django_celery_results','0011_taskresult_periodic_task_name','2023-11-04 23:23:39.320087');
INSERT INTO django_migrations VALUES(34,'django_celery_beat','0001_initial','2023-11-05 04:10:19.479320');
INSERT INTO django_migrations VALUES(35,'django_celery_beat','0002_auto_20161118_0346','2023-11-05 04:10:19.896795');
INSERT INTO django_migrations VALUES(36,'django_celery_beat','0003_auto_20161209_0049','2023-11-05 04:10:20.050040');
INSERT INTO django_migrations VALUES(37,'django_celery_beat','0004_auto_20170221_0000','2023-11-05 04:10:20.312257');
INSERT INTO django_migrations VALUES(38,'django_celery_beat','0005_add_solarschedule_events_choices','2023-11-05 04:10:20.452810');
INSERT INTO django_migrations VALUES(39,'django_celery_beat','0006_auto_20180322_0932','2023-11-05 04:10:20.712836');
INSERT INTO django_migrations VALUES(40,'django_celery_beat','0007_auto_20180521_0826','2023-11-05 04:10:21.083430');
INSERT INTO django_migrations VALUES(41,'django_celery_beat','0008_auto_20180914_1922','2023-11-05 04:10:21.534948');
INSERT INTO django_migrations VALUES(42,'django_celery_beat','0006_auto_20180210_1226','2023-11-05 04:10:21.707385');
INSERT INTO django_migrations VALUES(43,'django_celery_beat','0006_periodictask_priority','2023-11-05 04:10:21.878830');
INSERT INTO django_migrations VALUES(44,'django_celery_beat','0009_periodictask_headers','2023-11-05 04:10:22.106464');
INSERT INTO django_migrations VALUES(45,'django_celery_beat','0010_auto_20190429_0326','2023-11-05 04:10:22.651218');
INSERT INTO django_migrations VALUES(46,'django_celery_beat','0011_auto_20190508_0153','2023-11-05 04:10:23.004242');
INSERT INTO django_migrations VALUES(47,'django_celery_beat','0012_periodictask_expire_seconds','2023-11-05 04:10:23.166156');
INSERT INTO django_migrations VALUES(48,'django_celery_beat','0013_auto_20200609_0727','2023-11-05 04:10:23.396386');
INSERT INTO django_migrations VALUES(49,'django_celery_beat','0014_remove_clockedschedule_enabled','2023-11-05 04:10:23.701075');
INSERT INTO django_migrations VALUES(50,'django_celery_beat','0015_edit_solarschedule_events_choices','2023-11-05 04:10:23.895104');
INSERT INTO django_migrations VALUES(51,'django_celery_beat','0016_alter_crontabschedule_timezone','2023-11-05 04:10:24.070183');
INSERT INTO django_migrations VALUES(52,'django_celery_beat','0017_alter_crontabschedule_month_of_year','2023-11-05 04:10:24.304810');
INSERT INTO django_migrations VALUES(53,'django_celery_beat','0018_improve_crontab_helptext','2023-11-05 04:10:24.458161');
INSERT INTO django_migrations VALUES(54,'service','0005_order_done','2023-11-05 06:30:59.694306');
INSERT INTO django_migrations VALUES(55,'service','0006_alter_menu_price_alter_order_total_price_and_more','2023-11-05 09:47:45.235086');
CREATE TABLE IF NOT EXISTS "auth_group_permissions" ("id" integer NOT NULL PRIMARY KEY AUTOINCREMENT, "group_id" integer NOT NULL REFERENCES "auth_group" ("id") DEFERRABLE INITIALLY DEFERRED, "permission_id" integer NOT NULL REFERENCES "auth_permission" ("id") DEFERRABLE INITIALLY DEFERRED);
CREATE TABLE IF NOT EXISTS "auth_user_groups" ("id" integer NOT NULL PRIMARY KEY AUTOINCREMENT, "user_id" integer NOT NULL REFERENCES "auth_user" ("id") DEFERRABLE INITIALLY DEFERRED, "group_id" integer NOT NULL REFERENCES "auth_group" ("id") DEFERRABLE INITIALLY DEFERRED);
CREATE TABLE IF NOT EXISTS "auth_user_user_permissions" ("id" integer NOT NULL PRIMARY KEY AUTOINCREMENT, "user_id" integer NOT NULL REFERENCES "auth_user" ("id") DEFERRABLE INITIALLY DEFERRED, "permission_id" integer NOT NULL REFERENCES "auth_permission" ("id") DEFERRABLE INITIALLY DEFERRED);
CREATE TABLE IF NOT EXISTS "django_admin_log" ("id" integer NOT NULL PRIMARY KEY AUTOINCREMENT, "object_id" text NULL, "object_repr" varchar(200) NOT NULL, "action_flag" smallint unsigned NOT NULL CHECK ("action_flag" >= 0), "change_message" text NOT NULL, "content_type_id" integer NULL REFERENCES "django_content_type" ("id") DEFERRABLE INITIALLY DEFERRED, "user_id" integer NOT NULL REFERENCES "auth_user" ("id") DEFERRABLE INITIALLY DEFERRED, "action_time" datetime NOT NULL);
INSERT INTO django_admin_log VALUES(1,'155','Big Mac',3,'',7,1,'2023-11-05 00:04:23.837515');
INSERT INTO django_admin_log VALUES(2,'154','Big Mac',3,'',7,1,'2023-11-05 00:04:24.256343');
INSERT INTO django_admin_log VALUES(3,'153','Egg BLT McMuffin®',3,'',7,1,'2023-11-05 00:04:24.451739');
INSERT INTO django_admin_log VALUES(4,'152','Big Mac',3,'',7,1,'2023-11-05 00:04:24.648172');
INSERT INTO django_admin_log VALUES(5,'151','Big Mac',3,'',7,1,'2023-11-05 00:04:24.848360');
INSERT INTO django_admin_log VALUES(6,'150','Big Mac',3,'',7,1,'2023-11-05 00:04:25.043482');
INSERT INTO django_admin_log VALUES(7,'149','Roujiamo',3,'',7,1,'2023-11-05 00:04:25.243576');
INSERT INTO django_admin_log VALUES(8,'148','Big Mac',3,'',7,1,'2023-11-05 00:04:25.443561');
INSERT INTO django_admin_log VALUES(9,'147','Egg BLT McMuffin®',3,'',7,1,'2023-11-05 00:04:25.643566');
INSERT INTO django_admin_log VALUES(10,'146','Egg BLT McMuffin®',3,'',7,1,'2023-11-05 00:04:25.893639');
INSERT INTO django_admin_log VALUES(11,'145','Big Mac',3,'',7,1,'2023-11-05 00:04:26.090171');
INSERT INTO django_admin_log VALUES(12,'144','Roujiamo',3,'',7,1,'2023-11-05 00:04:26.290047');
INSERT INTO django_admin_log VALUES(13,'143','Big Mac',3,'',7,1,'2023-11-05 00:04:26.490119');
INSERT INTO django_admin_log VALUES(14,'142','Egg BLT McMuffin®',3,'',7,1,'2023-11-05 00:04:26.685369');
INSERT INTO django_admin_log VALUES(15,'141','Big Mac',3,'',7,1,'2023-11-05 00:04:26.885533');
INSERT INTO django_admin_log VALUES(16,'140','Big Mac',3,'',7,1,'2023-11-05 00:04:27.090349');
INSERT INTO django_admin_log VALUES(17,'139','Big Mac',3,'',7,1,'2023-11-05 00:04:27.285645');
INSERT INTO django_admin_log VALUES(18,'138','Chicken McMuffin',3,'',7,1,'2023-11-05 00:04:27.485742');
INSERT INTO django_admin_log VALUES(19,'137','Egg BLT McMuffin®',3,'',7,1,'2023-11-05 00:04:27.685584');
INSERT INTO django_admin_log VALUES(20,'136','Big Mac',3,'',7,1,'2023-11-05 00:04:27.885781');
INSERT INTO django_admin_log VALUES(21,'135','Big Mac',3,'',7,1,'2023-11-05 00:04:28.090564');
INSERT INTO django_admin_log VALUES(22,'134','Big Mac',3,'',7,1,'2023-11-05 00:04:28.277182');
INSERT INTO django_admin_log VALUES(23,'133','Big Mac',3,'',7,1,'2023-11-05 00:04:28.469099');
INSERT INTO django_admin_log VALUES(24,'132','Big Mac',3,'',7,1,'2023-11-05 00:04:28.674061');
INSERT INTO django_admin_log VALUES(25,'131','Big Mac',3,'',7,1,'2023-11-05 00:04:28.877577');
INSERT INTO django_admin_log VALUES(26,'130','Roujiamo',3,'',7,1,'2023-11-05 00:04:29.077599');
INSERT INTO django_admin_log VALUES(27,'129','Big Mac',3,'',7,1,'2023-11-05 00:04:29.327883');
INSERT INTO django_admin_log VALUES(28,'128','Roujiamo',3,'',7,1,'2023-11-05 00:04:29.527934');
INSERT INTO django_admin_log VALUES(29,'127','Roujiamo',3,'',7,1,'2023-11-05 00:04:29.732576');
INSERT INTO django_admin_log VALUES(30,'126','Roujiamo',3,'',7,1,'2023-11-05 00:04:29.941208');
INSERT INTO django_admin_log VALUES(31,'125','Roujiamo',3,'',7,1,'2023-11-05 00:04:30.136221');
INSERT INTO django_admin_log VALUES(32,'124','Roujiamo',3,'',7,1,'2023-11-05 00:04:30.324204');
INSERT INTO django_admin_log VALUES(33,'123','Big Mac',3,'',7,1,'2023-11-05 00:04:30.519561');
INSERT INTO django_admin_log VALUES(34,'122','Roujiamo',3,'',7,1,'2023-11-05 00:04:30.724344');
INSERT INTO django_admin_log VALUES(35,'121','Big Mac',3,'',7,1,'2023-11-05 00:04:30.916081');
INSERT INTO django_admin_log VALUES(36,'120','Roujiamo',3,'',7,1,'2023-11-05 00:04:31.111560');
INSERT INTO django_admin_log VALUES(37,'119','Roujiamo',3,'',7,1,'2023-11-05 00:04:31.299647');
INSERT INTO django_admin_log VALUES(38,'118','Chicken McMuffin',3,'',7,1,'2023-11-05 00:04:31.491159');
INSERT INTO django_admin_log VALUES(39,'117','Egg BLT McMuffin®',3,'',7,1,'2023-11-05 00:04:31.749857');
INSERT INTO django_admin_log VALUES(40,'116','Big Mac',3,'',7,1,'2023-11-05 00:04:31.944865');
INSERT INTO django_admin_log VALUES(41,'115','Big Mac',3,'',7,1,'2023-11-05 00:04:32.161599');
INSERT INTO django_admin_log VALUES(42,'114','Egg BLT McMuffin®',3,'',7,1,'2023-11-05 00:04:32.383080');
INSERT INTO django_admin_log VALUES(43,'113','Egg BLT McMuffin®',3,'',7,1,'2023-11-05 00:04:32.583116');
INSERT INTO django_admin_log VALUES(44,'112','Egg BLT McMuffin®',3,'',7,1,'2023-11-05 00:04:32.791790');
INSERT INTO django_admin_log VALUES(45,'111','Egg BLT McMuffin®',3,'',7,1,'2023-11-05 00:04:32.986913');
INSERT INTO django_admin_log VALUES(46,'110','Big Mac',3,'',7,1,'2023-11-05 00:04:33.186832');
INSERT INTO django_admin_log VALUES(47,'109','Egg BLT McMuffin®',3,'',7,1,'2023-11-05 00:04:33.383571');
INSERT INTO django_admin_log VALUES(48,'108','Egg BLT McMuffin®',3,'',7,1,'2023-11-05 00:04:33.570185');
INSERT INTO django_admin_log VALUES(49,'107','Egg BLT McMuffin®',3,'',7,1,'2023-11-05 00:04:33.770242');
INSERT INTO django_admin_log VALUES(50,'106','Big Mac',3,'',7,1,'2023-11-05 00:04:33.970512');
INSERT INTO django_admin_log VALUES(51,'105','Roujiamo',3,'',7,1,'2023-11-05 00:04:34.166988');
INSERT INTO django_admin_log VALUES(52,'104','Egg BLT McMuffin®',3,'',7,1,'2023-11-05 00:04:34.353828');
INSERT INTO django_admin_log VALUES(53,'103','Chicken McMuffin',3,'',7,1,'2023-11-05 00:04:34.550179');
INSERT INTO django_admin_log VALUES(54,'102','Roujiamo',3,'',7,1,'2023-11-05 00:04:34.750088');
INSERT INTO django_admin_log VALUES(55,'101','Egg BLT McMuffin®',3,'',7,1,'2023-11-05 00:04:34.953874');
INSERT INTO django_admin_log VALUES(56,'100','Big Mac',3,'',7,1,'2023-11-05 00:04:35.153971');
INSERT INTO django_admin_log VALUES(57,'99','Egg BLT McMuffin®',3,'',7,1,'2023-11-05 00:04:35.358616');
INSERT INTO django_admin_log VALUES(58,'98','Big Mac',3,'',7,1,'2023-11-05 00:04:35.545645');
INSERT INTO django_admin_log VALUES(59,'97','Egg BLT McMuffin®',3,'',7,1,'2023-11-05 00:04:35.750699');
INSERT INTO django_admin_log VALUES(60,'96','Big Mac',3,'',7,1,'2023-11-05 00:04:35.937693');
INSERT INTO django_admin_log VALUES(61,'95','Egg BLT McMuffin®',3,'',7,1,'2023-11-05 00:04:36.142206');
INSERT INTO django_admin_log VALUES(62,'94','Egg BLT McMuffin®',3,'',7,1,'2023-11-05 00:04:36.342157');
INSERT INTO django_admin_log VALUES(63,'93','Egg BLT McMuffin®',3,'',7,1,'2023-11-05 00:04:36.542053');
INSERT INTO django_admin_log VALUES(64,'92','Egg BLT McMuffin®',3,'',7,1,'2023-11-05 00:04:36.729092');
INSERT INTO django_admin_log VALUES(65,'91','Big Mac',3,'',7,1,'2023-11-05 00:04:36.920959');
INSERT INTO django_admin_log VALUES(66,'90','Egg BLT McMuffin®',3,'',7,1,'2023-11-05 00:04:37.117282');
INSERT INTO django_admin_log VALUES(67,'89','Big Mac',3,'',7,1,'2023-11-05 00:04:37.317555');
INSERT INTO django_admin_log VALUES(68,'88','Egg BLT McMuffin®',3,'',7,1,'2023-11-05 00:04:37.529413');
INSERT INTO django_admin_log VALUES(69,'87','Egg BLT McMuffin®',3,'',7,1,'2023-11-05 00:04:37.737490');
INSERT INTO django_admin_log VALUES(70,'86','Big Mac',3,'',7,1,'2023-11-05 00:04:37.959285');
INSERT INTO django_admin_log VALUES(71,'85','Egg BLT McMuffin®',3,'',7,1,'2023-11-05 00:04:38.159164');
INSERT INTO django_admin_log VALUES(72,'84','Big Mac',3,'',7,1,'2023-11-05 00:04:38.359290');
INSERT INTO django_admin_log VALUES(73,'83','Egg BLT McMuffin®',3,'',7,1,'2023-11-05 00:04:38.550899');
INSERT INTO django_admin_log VALUES(74,'82','Big Mac',3,'',7,1,'2023-11-05 00:04:38.784362');
INSERT INTO django_admin_log VALUES(75,'81','Egg BLT McMuffin®',3,'',7,1,'2023-11-05 00:04:38.975892');
INSERT INTO django_admin_log VALUES(76,'80','Big Mac',3,'',7,1,'2023-11-05 00:04:39.260370');
INSERT INTO django_admin_log VALUES(77,'79','Egg BLT McMuffin®',3,'',7,1,'2023-11-05 00:04:39.479562');
INSERT INTO django_admin_log VALUES(78,'78','Big Mac',3,'',7,1,'2023-11-05 00:04:39.685641');
INSERT INTO django_admin_log VALUES(79,'77','Egg BLT McMuffin®',3,'',7,1,'2023-11-05 00:04:39.885939');
INSERT INTO django_admin_log VALUES(80,'76','Egg BLT McMuffin®',3,'',7,1,'2023-11-05 00:04:40.102682');
INSERT INTO django_admin_log VALUES(81,'75','Egg BLT McMuffin®',3,'',7,1,'2023-11-05 00:04:40.302740');
INSERT INTO django_admin_log VALUES(82,'74','Egg BLT McMuffin®',3,'',7,1,'2023-11-05 00:04:40.502613');
INSERT INTO django_admin_log VALUES(83,'73','Big Mac',3,'',7,1,'2023-11-05 00:04:40.793394');
INSERT INTO django_admin_log VALUES(84,'72','Egg BLT McMuffin®',3,'',7,1,'2023-11-05 00:04:40.994315');
INSERT INTO django_admin_log VALUES(85,'71','Big Mac',3,'',7,1,'2023-11-05 00:04:41.221686');
INSERT INTO django_admin_log VALUES(86,'70','Egg BLT McMuffin®',3,'',7,1,'2023-11-05 00:04:41.472043');
INSERT INTO django_admin_log VALUES(87,'69','Big Mac',3,'',7,1,'2023-11-05 00:04:41.721944');
INSERT INTO django_admin_log VALUES(88,'68','Egg BLT McMuffin®',3,'',7,1,'2023-11-05 00:04:41.938645');
INSERT INTO django_admin_log VALUES(89,'67','Big Mac',3,'',7,1,'2023-11-05 00:04:42.163779');
INSERT INTO django_admin_log VALUES(90,'66','Egg BLT McMuffin®',3,'',7,1,'2023-11-05 00:04:42.352886');
INSERT INTO django_admin_log VALUES(91,'65','Big Mac',3,'',7,1,'2023-11-05 00:04:42.563941');
INSERT INTO django_admin_log VALUES(92,'64','Egg BLT McMuffin®',3,'',7,1,'2023-11-05 00:04:42.797248');
INSERT INTO django_admin_log VALUES(93,'63','Big Mac',3,'',7,1,'2023-11-05 00:04:43.013763');
INSERT INTO django_admin_log VALUES(94,'62','Egg BLT McMuffin®',3,'',7,1,'2023-11-05 00:04:43.220071');
INSERT INTO django_admin_log VALUES(95,'61','Big Mac',3,'',7,1,'2023-11-05 00:04:43.438973');
INSERT INTO django_admin_log VALUES(96,'60','Egg BLT McMuffin®',3,'',7,1,'2023-11-05 00:04:43.663942');
INSERT INTO django_admin_log VALUES(97,'59','Egg BLT McMuffin®',3,'',7,1,'2023-11-05 00:04:43.861314');
INSERT INTO django_admin_log VALUES(98,'58','Big Mac',3,'',7,1,'2023-11-05 00:04:44.119997');
INSERT INTO django_admin_log VALUES(99,'57','Egg BLT McMuffin®',3,'',7,1,'2023-11-05 00:04:44.319943');
INSERT INTO django_admin_log VALUES(100,'56','Egg BLT McMuffin®',3,'',7,1,'2023-11-05 00:04:44.520436');
INSERT INTO django_admin_log VALUES(101,'55','Egg BLT McMuffin®',3,'',7,1,'2023-11-05 00:04:51.845025');
INSERT INTO django_admin_log VALUES(102,'54','Egg BLT McMuffin®',3,'',7,1,'2023-11-05 00:04:52.046635');
INSERT INTO django_admin_log VALUES(103,'53','Egg BLT McMuffin®',3,'',7,1,'2023-11-05 00:04:52.246441');
INSERT INTO django_admin_log VALUES(104,'52','Egg BLT McMuffin®',3,'',7,1,'2023-11-05 00:04:52.463342');
INSERT INTO django_admin_log VALUES(105,'51','Egg BLT McMuffin®',3,'',7,1,'2023-11-05 00:04:52.663311');
INSERT INTO django_admin_log VALUES(106,'50','Egg BLT McMuffin®',3,'',7,1,'2023-11-05 00:04:52.890698');
INSERT INTO django_admin_log VALUES(107,'49','Egg BLT McMuffin®',3,'',7,1,'2023-11-05 00:04:53.123841');
INSERT INTO django_admin_log VALUES(108,'48','Egg BLT McMuffin®',3,'',7,1,'2023-11-05 00:04:53.313203');
INSERT INTO django_admin_log VALUES(109,'47','Egg BLT McMuffin®',3,'',7,1,'2023-11-05 00:04:53.522177');
INSERT INTO django_admin_log VALUES(110,'46','Chicken McMuffin',3,'',7,1,'2023-11-05 00:04:53.721856');
INSERT INTO django_admin_log VALUES(111,'45','Egg BLT McMuffin®',3,'',7,1,'2023-11-05 00:04:53.940883');
INSERT INTO django_admin_log VALUES(112,'44','Roujiamo',3,'',7,1,'2023-11-05 00:04:54.157597');
INSERT INTO django_admin_log VALUES(113,'43','Chicken McMuffin',3,'',7,1,'2023-11-05 00:04:54.374272');
INSERT INTO django_admin_log VALUES(114,'42','Egg BLT McMuffin®',3,'',7,1,'2023-11-05 00:04:54.591029');
INSERT INTO django_admin_log VALUES(115,'41','Roujiamo',3,'',7,1,'2023-11-05 00:04:54.807762');
INSERT INTO django_admin_log VALUES(116,'40','Chicken McMuffin',3,'',7,1,'2023-11-05 00:04:55.024448');
INSERT INTO django_admin_log VALUES(117,'39','Egg BLT McMuffin®',3,'',7,1,'2023-11-05 00:04:55.241161');
INSERT INTO django_admin_log VALUES(118,'38','Roujiamo',3,'',7,1,'2023-11-05 00:04:55.457912');
INSERT INTO django_admin_log VALUES(119,'37','Chicken McMuffin',3,'',7,1,'2023-11-05 00:04:55.655480');
INSERT INTO django_admin_log VALUES(120,'36','Egg BLT McMuffin®',3,'',7,1,'2023-11-05 00:04:55.983003');
INSERT INTO django_admin_log VALUES(121,'35','Roujiamo',3,'',7,1,'2023-11-05 00:04:56.199656');
INSERT INTO django_admin_log VALUES(122,'34','Chicken McMuffin',3,'',7,1,'2023-11-05 00:04:56.441401');
INSERT INTO django_admin_log VALUES(123,'33','Egg BLT McMuffin®',3,'',7,1,'2023-11-05 00:04:56.666416');
INSERT INTO django_admin_log VALUES(124,'32','Roujiamo',3,'',7,1,'2023-11-05 00:04:56.917109');
INSERT INTO django_admin_log VALUES(125,'31','Chicken McMuffin',3,'',7,1,'2023-11-05 00:04:57.183353');
INSERT INTO django_admin_log VALUES(126,'30','Egg BLT McMuffin®',3,'',7,1,'2023-11-05 00:04:57.381056');
INSERT INTO django_admin_log VALUES(127,'29','Roujiamo',3,'',7,1,'2023-11-05 00:04:57.591826');
INSERT INTO django_admin_log VALUES(128,'28','Roujiamo',3,'',7,1,'2023-11-05 00:04:57.792705');
INSERT INTO django_admin_log VALUES(129,'27','Roujiamo',3,'',7,1,'2023-11-05 00:04:58.008595');
INSERT INTO django_admin_log VALUES(130,'26','Egg BLT McMuffin®',3,'',7,1,'2023-11-05 00:04:58.206019');
INSERT INTO django_admin_log VALUES(131,'25','Roujiamo',3,'',7,1,'2023-11-05 00:04:58.431242');
INSERT INTO django_admin_log VALUES(132,'24','Egg BLT McMuffin®',3,'',7,1,'2023-11-05 00:04:58.658546');
INSERT INTO django_admin_log VALUES(133,'23','Roujiamo',3,'',7,1,'2023-11-05 00:04:58.883554');
INSERT INTO django_admin_log VALUES(134,'22','Egg BLT McMuffin®',3,'',7,1,'2023-11-05 00:04:59.108713');
INSERT INTO django_admin_log VALUES(135,'21','Roujiamo',3,'',7,1,'2023-11-05 00:04:59.325428');
INSERT INTO django_admin_log VALUES(136,'20','Roujiamo',3,'',7,1,'2023-11-05 00:04:59.542223');
INSERT INTO django_admin_log VALUES(137,'19','Roujiamo',3,'',7,1,'2023-11-05 00:04:59.759017');
INSERT INTO django_admin_log VALUES(138,'18','Roujiamo',3,'',7,1,'2023-11-05 00:04:59.956431');
INSERT INTO django_admin_log VALUES(139,'17','Big Mac',3,'',7,1,'2023-11-05 00:05:00.175770');
INSERT INTO django_admin_log VALUES(140,'16','Egg BLT McMuffin®',3,'',7,1,'2023-11-05 00:05:00.398096');
INSERT INTO django_admin_log VALUES(141,'15','Big Mac',3,'',7,1,'2023-11-05 00:05:00.634089');
INSERT INTO django_admin_log VALUES(142,'14','Egg BLT McMuffin®',3,'',7,1,'2023-11-05 00:05:00.831586');
INSERT INTO django_admin_log VALUES(143,'13','Egg BLT McMuffin®',3,'',7,1,'2023-11-05 00:05:01.050660');
INSERT INTO django_admin_log VALUES(144,'12','Egg BLT McMuffin®',3,'',7,1,'2023-11-05 00:05:01.317479');
INSERT INTO django_admin_log VALUES(145,'6','<Task: f0e6b33e-558d-4408-a4c1-953927cbdf41 (SUCCESS)>',3,'',11,1,'2023-11-05 00:31:13.807317');
INSERT INTO django_admin_log VALUES(146,'5','<Task: b2886f9f-fd7d-469f-914f-596512580629 (SUCCESS)>',3,'',11,1,'2023-11-05 00:31:14.069085');
INSERT INTO django_admin_log VALUES(147,'4','<Task: 810f562e-2529-4dc2-a312-9cc4d17cf6a6 (FAILURE)>',3,'',11,1,'2023-11-05 00:31:14.266082');
INSERT INTO django_admin_log VALUES(148,'3','<Task: e7bb1451-5e54-4f11-9f8d-4dad85d576f4 (FAILURE)>',3,'',11,1,'2023-11-05 00:31:14.466029');
INSERT INTO django_admin_log VALUES(149,'2','<Task: ed023e89-1d39-4bde-91c7-1973c4f21da4 (FAILURE)>',3,'',11,1,'2023-11-05 00:31:14.677263');
INSERT INTO django_admin_log VALUES(150,'1','<Task: d7204c52-6221-42bb-ad5a-25e71b733bf7 (FAILURE)>',3,'',11,1,'2023-11-05 00:31:14.885768');
INSERT INTO django_admin_log VALUES(151,'12','<Task: 319eace3-1325-434b-997a-1f0a9f217c03 (FAILURE)>',3,'',11,1,'2023-11-05 01:04:18.012793');
INSERT INTO django_admin_log VALUES(152,'11','<Task: e623c18a-0a48-43fe-975b-891bb4b96b23 (FAILURE)>',3,'',11,1,'2023-11-05 01:04:18.236420');
INSERT INTO django_admin_log VALUES(153,'10','<Task: c938c2c1-aaad-4dc4-aaae-cba2e6f5cb53 (FAILURE)>',3,'',11,1,'2023-11-05 01:04:18.461392');
INSERT INTO django_admin_log VALUES(154,'9','<Task: 54c33275-7f81-45e3-8f1a-8a3637253161 (FAILURE)>',3,'',11,1,'2023-11-05 01:04:18.686681');
INSERT INTO django_admin_log VALUES(155,'8','<Task: 138a6546-60db-4d4c-b996-68fcbf8cc651 (SUCCESS)>',3,'',11,1,'2023-11-05 01:04:18.883646');
INSERT INTO django_admin_log VALUES(156,'7','<Task: 95d592ad-d1e9-4991-bfe4-4ede25da08b2 (SUCCESS)>',3,'',11,1,'2023-11-05 01:04:19.103188');
INSERT INTO django_admin_log VALUES(157,'168','Egg BLT McMuffin®',3,'',7,1,'2023-11-05 01:06:05.059607');
INSERT INTO django_admin_log VALUES(158,'167','Egg BLT McMuffin®',3,'',7,1,'2023-11-05 01:06:05.274775');
INSERT INTO django_admin_log VALUES(159,'166','Egg BLT McMuffin®',3,'',7,1,'2023-11-05 01:06:05.491239');
INSERT INTO django_admin_log VALUES(160,'165','Egg BLT McMuffin®',3,'',7,1,'2023-11-05 01:06:05.708206');
INSERT INTO django_admin_log VALUES(161,'164','Egg BLT McMuffin®',3,'',7,1,'2023-11-05 01:06:05.933245');
INSERT INTO django_admin_log VALUES(162,'163','Egg BLT McMuffin®',3,'',7,1,'2023-11-05 01:06:06.158019');
INSERT INTO django_admin_log VALUES(163,'162','Egg BLT McMuffin®',3,'',7,1,'2023-11-05 01:06:06.375108');
INSERT INTO django_admin_log VALUES(164,'161','Egg BLT McMuffin®',3,'',7,1,'2023-11-05 01:06:06.571826');
INSERT INTO django_admin_log VALUES(165,'160','Egg BLT McMuffin®',3,'',7,1,'2023-11-05 01:06:06.772160');
INSERT INTO django_admin_log VALUES(166,'159','Big Mac',3,'',7,1,'2023-11-05 01:06:06.991516');
INSERT INTO django_admin_log VALUES(167,'158','Egg BLT McMuffin®',3,'',7,1,'2023-11-05 01:06:07.216523');
INSERT INTO django_admin_log VALUES(168,'157','Big Mac',3,'',7,1,'2023-11-05 01:06:07.441724');
INSERT INTO django_admin_log VALUES(169,'156','Big Mac',3,'',7,1,'2023-11-05 01:06:07.658279');
INSERT INTO django_admin_log VALUES(170,'14','<Task: 9d00a812-5e77-4a61-8973-c1e7ce685cc2 (FAILURE)>',3,'',11,1,'2023-11-05 01:08:37.415392');
INSERT INTO django_admin_log VALUES(171,'13','<Task: 5910971e-341c-4d4c-8331-884fdc299d46 (FAILURE)>',3,'',11,1,'2023-11-05 01:08:37.645963');
INSERT INTO django_admin_log VALUES(172,'173','Egg BLT McMuffin®',3,'',7,1,'2023-11-05 02:20:51.984390');
INSERT INTO django_admin_log VALUES(173,'172','Uncle Burger',3,'',7,1,'2023-11-05 02:20:52.186292');
INSERT INTO django_admin_log VALUES(174,'171','Chicken McMuffin',3,'',7,1,'2023-11-05 02:20:52.413811');
INSERT INTO django_admin_log VALUES(175,'170','Egg BLT McMuffin®',3,'',7,1,'2023-11-05 02:20:52.630871');
INSERT INTO django_admin_log VALUES(176,'169','Egg BLT McMuffin®',3,'',7,1,'2023-11-05 02:20:52.830403');
INSERT INTO django_admin_log VALUES(177,'1','0 3 * * * (m/h/dM/MY/d) UTC',1,'[{"added": {}}]',14,1,'2023-11-05 04:13:54.786150');
INSERT INTO django_admin_log VALUES(178,'1','reset_ticket: 0 3 * * * (m/h/dM/MY/d) UTC',1,'[{"added": {}}]',16,1,'2023-11-05 04:14:11.481544');
INSERT INTO django_admin_log VALUES(179,'1','1 * * * * (m/h/dM/MY/d) UTC',2,'[{"changed": {"fields": ["Minute(s)", "Hour(s)"]}}]',14,1,'2023-11-05 04:15:28.926501');
INSERT INTO django_admin_log VALUES(180,'64','<Task: 61fae30c-d137-4db5-ac3a-bed2d604f6ed (SUCCESS)>',3,'',11,1,'2023-11-05 04:15:53.833966');
INSERT INTO django_admin_log VALUES(181,'63','<Task: 99c80302-2285-45b3-894a-3729f03b9581 (SUCCESS)>',3,'',11,1,'2023-11-05 04:15:54.065301');
INSERT INTO django_admin_log VALUES(182,'62','<Task: 26d6c4b5-390b-41a8-9529-2ff2513c984f (SUCCESS)>',3,'',11,1,'2023-11-05 04:15:54.290676');
INSERT INTO django_admin_log VALUES(183,'61','<Task: 871fe9d1-5e28-4848-840e-8e8dc7958ed5 (SUCCESS)>',3,'',11,1,'2023-11-05 04:15:54.515427');
INSERT INTO django_admin_log VALUES(184,'60','<Task: 5728cf38-22b1-4dc4-8925-8797752b7927 (SUCCESS)>',3,'',11,1,'2023-11-05 04:15:54.732135');
INSERT INTO django_admin_log VALUES(185,'59','<Task: 9fc0faa6-0b12-4296-9f0b-28445bcb44df (SUCCESS)>',3,'',11,1,'2023-11-05 04:15:54.948869');
INSERT INTO django_admin_log VALUES(186,'58','<Task: 6c087c10-0bca-4313-b8f6-649ec08951c8 (SUCCESS)>',3,'',11,1,'2023-11-05 04:15:55.165617');
INSERT INTO django_admin_log VALUES(187,'56','<Task: 9427066a-b465-492c-a0b1-faf595113405 (SUCCESS)>',3,'',11,1,'2023-11-05 04:15:55.390572');
INSERT INTO django_admin_log VALUES(188,'57','<Task: 41abbf19-b872-43d2-89c8-622623c4af9a (SUCCESS)>',3,'',11,1,'2023-11-05 04:15:55.615738');
INSERT INTO django_admin_log VALUES(189,'54','<Task: df51a895-5c5f-41a5-b48f-2abb8846aadf (SUCCESS)>',3,'',11,1,'2023-11-05 04:15:55.840692');
INSERT INTO django_admin_log VALUES(190,'55','<Task: d95c50a8-a103-47a3-8b9b-62855fa99675 (SUCCESS)>',3,'',11,1,'2023-11-05 04:15:56.057366');
INSERT INTO django_admin_log VALUES(191,'52','<Task: 5c417ffb-faf7-41d3-b957-907b49e7393a (SUCCESS)>',3,'',11,1,'2023-11-05 04:15:56.274091');
INSERT INTO django_admin_log VALUES(192,'53','<Task: 3b847a75-b1f1-498a-8d66-d5e21111e238 (SUCCESS)>',3,'',11,1,'2023-11-05 04:15:56.490873');
INSERT INTO django_admin_log VALUES(193,'51','<Task: 8f928ffe-ae10-4ea5-ac9d-43a42a8196aa (SUCCESS)>',3,'',11,1,'2023-11-05 04:15:56.707565');
INSERT INTO django_admin_log VALUES(194,'50','<Task: 01526e33-dfff-4299-bb1b-5f50278a2f51 (SUCCESS)>',3,'',11,1,'2023-11-05 04:15:56.949281');
INSERT INTO django_admin_log VALUES(195,'49','<Task: cf3e523c-1b93-4aba-91c4-6fbf2e8b886f (SUCCESS)>',3,'',11,1,'2023-11-05 04:15:57.149409');
INSERT INTO django_admin_log VALUES(196,'47','<Task: 8b0a816d-5490-4431-ae9f-ec3523af9004 (SUCCESS)>',3,'',11,1,'2023-11-05 04:15:57.349339');
INSERT INTO django_admin_log VALUES(197,'48','<Task: 65d891db-7040-493f-96ea-52de21dcbd17 (SUCCESS)>',3,'',11,1,'2023-11-05 04:15:57.549358');
INSERT INTO django_admin_log VALUES(198,'46','<Task: 27a332a7-58d2-4d14-a96d-5d72cbe8f664 (SUCCESS)>',3,'',11,1,'2023-11-05 04:15:57.749347');
INSERT INTO django_admin_log VALUES(199,'45','<Task: 28642345-fd16-4ead-81e5-382e9ca6a5cb (SUCCESS)>',3,'',11,1,'2023-11-05 04:15:57.966097');
INSERT INTO django_admin_log VALUES(200,'44','<Task: 47189fff-6a80-4904-b867-f1677edfb895 (SUCCESS)>',3,'',11,1,'2023-11-05 04:15:58.182945');
INSERT INTO django_admin_log VALUES(201,'43','<Task: 1a4873b4-8618-4b59-9aef-ba15f6a3a2db (SUCCESS)>',3,'',11,1,'2023-11-05 04:15:58.382890');
INSERT INTO django_admin_log VALUES(202,'42','<Task: 7bdb0e6e-9402-4041-9ca2-cd15c719ea92 (SUCCESS)>',3,'',11,1,'2023-11-05 04:15:58.591258');
INSERT INTO django_admin_log VALUES(203,'41','<Task: 5e387c8f-61e0-4be6-ac49-fb0194d2c061 (SUCCESS)>',3,'',11,1,'2023-11-05 04:15:58.799518');
INSERT INTO django_admin_log VALUES(204,'40','<Task: c75a03ce-7b85-4770-9087-a4299a6b0f86 (SUCCESS)>',3,'',11,1,'2023-11-05 04:15:59.016320');
INSERT INTO django_admin_log VALUES(205,'39','<Task: 1b86fb18-65d6-41d0-a66d-b91708552995 (SUCCESS)>',3,'',11,1,'2023-11-05 04:15:59.216800');
INSERT INTO django_admin_log VALUES(206,'38','<Task: 271ff09f-dae2-4556-95c1-578ebfed3613 (SUCCESS)>',3,'',11,1,'2023-11-05 04:15:59.416417');
INSERT INTO django_admin_log VALUES(207,'37','<Task: e5f5efe5-45ca-4250-bef2-444e73945858 (FAILURE)>',3,'',11,1,'2023-11-05 04:15:59.616419');
INSERT INTO django_admin_log VALUES(208,'36','<Task: 83a5a826-7751-4445-80f1-2e9ffb2b52f6 (FAILURE)>',3,'',11,1,'2023-11-05 04:15:59.817994');
INSERT INTO django_admin_log VALUES(209,'35','<Task: 3bb82488-f42e-43ee-b5db-436e0b821b82 (FAILURE)>',3,'',11,1,'2023-11-05 04:16:00.266595');
INSERT INTO django_admin_log VALUES(210,'34','<Task: c47cd8a4-59ba-49fc-8b82-8c200260e1da (FAILURE)>',3,'',11,1,'2023-11-05 04:16:00.466605');
INSERT INTO django_admin_log VALUES(211,'33','<Task: 3c4210fa-f8c5-4431-9a50-f3712c72e213 (FAILURE)>',3,'',11,1,'2023-11-05 04:16:00.691604');
INSERT INTO django_admin_log VALUES(212,'32','<Task: fdfb920e-9578-4917-84e2-76e6c230c8d0 (SUCCESS)>',3,'',11,1,'2023-11-05 04:16:00.933427');
INSERT INTO django_admin_log VALUES(213,'31','<Task: 25e7af96-388e-4095-a0ad-20a00e5ce1af (SUCCESS)>',3,'',11,1,'2023-11-05 04:16:01.125061');
INSERT INTO django_admin_log VALUES(214,'30','<Task: 0c00252d-4643-4af0-be3a-9987ffc78a8c (FAILURE)>',3,'',11,1,'2023-11-05 04:16:01.316785');
INSERT INTO django_admin_log VALUES(215,'29','<Task: 9c60c4c0-1fcc-4f8a-9002-207fd90f1ff9 (FAILURE)>',3,'',11,1,'2023-11-05 04:16:01.508922');
INSERT INTO django_admin_log VALUES(216,'28','<Task: 03dfe232-e424-431b-8377-18ccf7d38b27 (SUCCESS)>',3,'',11,1,'2023-11-05 04:16:01.700188');
INSERT INTO django_admin_log VALUES(217,'27','<Task: afedd894-1247-40e0-a330-b011367b864d (SUCCESS)>',3,'',11,1,'2023-11-05 04:16:01.891815');
INSERT INTO django_admin_log VALUES(218,'26','<Task: 23de8f9d-625a-4ab6-8357-fbed6e7c0830 (FAILURE)>',3,'',11,1,'2023-11-05 04:16:02.091902');
INSERT INTO django_admin_log VALUES(219,'25','<Task: 1e33f958-45f0-49e9-82e7-597ba72b2bd6 (SUCCESS)>',3,'',11,1,'2023-11-05 04:16:02.291934');
INSERT INTO django_admin_log VALUES(220,'24','<Task: 81af2569-adcc-434b-947c-b23ebdfed395 (SUCCESS)>',3,'',11,1,'2023-11-05 04:16:02.491929');
INSERT INTO django_admin_log VALUES(221,'23','<Task: 8e22976b-297b-4b4a-8f01-22223af9e86d (FAILURE)>',3,'',11,1,'2023-11-05 04:16:02.733734');
INSERT INTO django_admin_log VALUES(222,'22','<Task: 0477bbc9-30cd-42b7-8645-afcdd00b0ada (SUCCESS)>',3,'',11,1,'2023-11-05 04:16:02.925424');
INSERT INTO django_admin_log VALUES(223,'21','<Task: 9324de21-8988-437e-aac3-936e6c6be1fd (SUCCESS)>',3,'',11,1,'2023-11-05 04:16:03.133980');
INSERT INTO django_admin_log VALUES(224,'20','<Task: 41093232-1833-43ce-ac92-bb03221c2124 (SUCCESS)>',3,'',11,1,'2023-11-05 04:16:03.333790');
INSERT INTO django_admin_log VALUES(225,'19','<Task: 6423b5c4-a131-4772-b34f-98852948e973 (FAILURE)>',3,'',11,1,'2023-11-05 04:16:03.550608');
INSERT INTO django_admin_log VALUES(226,'18','<Task: 94c90eb3-7330-4710-9400-78e6c86f2d16 (FAILURE)>',3,'',11,1,'2023-11-05 04:16:03.767289');
INSERT INTO django_admin_log VALUES(227,'17','<Task: 120c0c43-d4ad-4dc4-94a1-c90b6b18adf7 (STARTED)>',3,'',11,1,'2023-11-05 04:16:03.965983');
INSERT INTO django_admin_log VALUES(228,'16','<Task: 744e7602-ccc8-41eb-9691-7faec3725ddd (STARTED)>',3,'',11,1,'2023-11-05 04:16:04.183983');
INSERT INTO django_admin_log VALUES(229,'15','<Task: 0e9a4c5f-69c6-4eac-8925-182bed0a4012 (STARTED)>',3,'',11,1,'2023-11-05 04:16:04.400881');
INSERT INTO django_admin_log VALUES(230,'1','every day',1,'[{"added": {}}]',15,1,'2023-11-05 04:21:36.765904');
INSERT INTO django_admin_log VALUES(231,'1','1 * * * * (m/h/dM/MY/d) UTC',2,'[]',14,1,'2023-11-05 04:22:25.872246');
INSERT INTO django_admin_log VALUES(232,'220','Chicken McMuffin',3,'',7,1,'2023-11-05 06:29:50.124885');
INSERT INTO django_admin_log VALUES(233,'219','Roujiamo',3,'',7,1,'2023-11-05 06:29:50.572911');
INSERT INTO django_admin_log VALUES(234,'218','Egg BLT McMuffin®',3,'',7,1,'2023-11-05 06:29:50.798159');
INSERT INTO django_admin_log VALUES(235,'217','Big Mac',3,'',7,1,'2023-11-05 06:29:51.014431');
INSERT INTO django_admin_log VALUES(236,'216','Chicken McMuffin',3,'',7,1,'2023-11-05 06:29:51.213224');
INSERT INTO django_admin_log VALUES(237,'215','Chicken McMuffin',3,'',7,1,'2023-11-05 06:29:51.439632');
INSERT INTO django_admin_log VALUES(238,'214','Chicken McMuffin',3,'',7,1,'2023-11-05 06:29:51.741554');
INSERT INTO django_admin_log VALUES(239,'213','Roujiamo',3,'',7,1,'2023-11-05 06:29:51.930001');
INSERT INTO django_admin_log VALUES(240,'212','Roujiamo',3,'',7,1,'2023-11-05 06:29:52.129965');
INSERT INTO django_admin_log VALUES(241,'211','Big Mac',3,'',7,1,'2023-11-05 06:29:52.348202');
INSERT INTO django_admin_log VALUES(242,'210','Uncle Burger',3,'',7,1,'2023-11-05 06:29:52.546725');
INSERT INTO django_admin_log VALUES(243,'209','Uncle Burger',3,'',7,1,'2023-11-05 06:29:52.764930');
INSERT INTO django_admin_log VALUES(244,'208','Roujiamo',3,'',7,1,'2023-11-05 06:29:52.963598');
INSERT INTO django_admin_log VALUES(245,'207','Egg BLT McMuffin®',3,'',7,1,'2023-11-05 06:29:53.163552');
INSERT INTO django_admin_log VALUES(246,'206','Roujiamo',3,'',7,1,'2023-11-05 06:29:53.363665');
INSERT INTO django_admin_log VALUES(247,'205','Egg BLT McMuffin®',3,'',7,1,'2023-11-05 06:29:53.590121');
INSERT INTO django_admin_log VALUES(248,'204','Roujiamo',3,'',7,1,'2023-11-05 06:29:53.815271');
INSERT INTO django_admin_log VALUES(249,'203','Chicken McMuffin',3,'',7,1,'2023-11-05 06:29:54.013674');
INSERT INTO django_admin_log VALUES(250,'202','Roujiamo',3,'',7,1,'2023-11-05 06:29:54.231813');
INSERT INTO django_admin_log VALUES(251,'201','Egg BLT McMuffin®',3,'',7,1,'2023-11-05 06:29:54.430445');
INSERT INTO django_admin_log VALUES(252,'200','Big Mac',3,'',7,1,'2023-11-05 06:29:54.630625');
INSERT INTO django_admin_log VALUES(253,'199','Uncle Burger',3,'',7,1,'2023-11-05 06:29:54.830931');
INSERT INTO django_admin_log VALUES(254,'198','Chicken McMuffin',3,'',7,1,'2023-11-05 06:29:55.030805');
INSERT INTO django_admin_log VALUES(255,'197','Roujiamo',3,'',7,1,'2023-11-05 06:29:55.230560');
INSERT INTO django_admin_log VALUES(256,'196','Big Mac',3,'',7,1,'2023-11-05 06:29:55.440762');
INSERT INTO django_admin_log VALUES(257,'195','Egg BLT McMuffin®',3,'',7,1,'2023-11-05 06:29:55.630693');
INSERT INTO django_admin_log VALUES(258,'194','Big Mac',3,'',7,1,'2023-11-05 06:29:55.830750');
INSERT INTO django_admin_log VALUES(259,'193','Egg BLT McMuffin®',3,'',7,1,'2023-11-05 06:29:56.030966');
INSERT INTO django_admin_log VALUES(260,'192','Roujiamo',3,'',7,1,'2023-11-05 06:29:56.230820');
INSERT INTO django_admin_log VALUES(261,'191','Chicken McMuffin',3,'',7,1,'2023-11-05 06:29:56.431096');
INSERT INTO django_admin_log VALUES(262,'190','Big Mac',3,'',7,1,'2023-11-05 06:29:56.631298');
INSERT INTO django_admin_log VALUES(263,'189','Egg BLT McMuffin®',3,'',7,1,'2023-11-05 06:29:56.839537');
INSERT INTO django_admin_log VALUES(264,'188','Big Mac',3,'',7,1,'2023-11-05 06:29:57.056172');
INSERT INTO django_admin_log VALUES(265,'187','Big Mac',3,'',7,1,'2023-11-05 06:29:57.272733');
INSERT INTO django_admin_log VALUES(266,'186','Chicken McMuffin',3,'',7,1,'2023-11-05 06:29:57.472901');
INSERT INTO django_admin_log VALUES(267,'185','Big Mac',3,'',7,1,'2023-11-05 06:29:57.672783');
INSERT INTO django_admin_log VALUES(268,'184','Egg BLT McMuffin®',3,'',7,1,'2023-11-05 06:29:57.889590');
INSERT INTO django_admin_log VALUES(269,'183','Egg BLT McMuffin®',3,'',7,1,'2023-11-05 06:29:58.089538');
INSERT INTO django_admin_log VALUES(270,'182','Egg BLT McMuffin®',3,'',7,1,'2023-11-05 06:29:58.289786');
INSERT INTO django_admin_log VALUES(271,'181','Egg BLT McMuffin®',3,'',7,1,'2023-11-05 06:29:58.489916');
INSERT INTO django_admin_log VALUES(272,'180','Egg BLT McMuffin®',3,'',7,1,'2023-11-05 06:29:58.758169');
INSERT INTO django_admin_log VALUES(273,'179','Big Mac',3,'',7,1,'2023-11-05 06:29:58.956610');
INSERT INTO django_admin_log VALUES(274,'178','Big Mac',3,'',7,1,'2023-11-05 06:29:59.156457');
INSERT INTO django_admin_log VALUES(275,'177','Big Mac',3,'',7,1,'2023-11-05 06:29:59.398383');
INSERT INTO django_admin_log VALUES(276,'176','Chicken McMuffin',3,'',7,1,'2023-11-05 06:29:59.598156');
INSERT INTO django_admin_log VALUES(277,'175','Roujiamo',3,'',7,1,'2023-11-05 06:29:59.798312');
INSERT INTO django_admin_log VALUES(278,'174','Egg BLT McMuffin®',3,'',7,1,'2023-11-05 06:29:59.998422');
INSERT INTO django_admin_log VALUES(279,'3','Egg BLT McMuffin',2,'[{"changed": {"fields": ["Item name"]}}]',9,1,'2023-11-05 09:38:22.959448');
INSERT INTO django_admin_log VALUES(280,'3','Egg BLT McMuffin',2,'[]',9,1,'2023-11-05 09:42:53.748806');
INSERT INTO django_admin_log VALUES(281,'1','Chicken McMuffin',2,'[]',9,1,'2023-11-05 09:42:58.946238');
INSERT INTO django_admin_log VALUES(282,'6','Big Mac',3,'',7,1,'2023-11-05 09:43:07.571220');
INSERT INTO django_admin_log VALUES(283,'5','Roujiamo',3,'',7,1,'2023-11-05 09:43:07.796598');
INSERT INTO django_admin_log VALUES(284,'4','Egg BLT McMuffin®',3,'',7,1,'2023-11-05 09:43:08.021894');
INSERT INTO django_admin_log VALUES(285,'3','Egg BLT McMuffin®',3,'',7,1,'2023-11-05 09:43:08.238292');
INSERT INTO django_admin_log VALUES(286,'2','Roujiamo',3,'',7,1,'2023-11-05 09:43:08.463402');
INSERT INTO django_admin_log VALUES(287,'1','Egg BLT McMuffin®',3,'',7,1,'2023-11-05 09:43:08.680111');
INSERT INTO django_admin_log VALUES(288,'5','Uncle Burger',2,'[{"changed": {"fields": ["Price"]}}]',9,1,'2023-11-05 09:44:07.283478');
INSERT INTO django_admin_log VALUES(289,'4','Roujiamo',2,'[{"changed": {"fields": ["Price"]}}]',9,1,'2023-11-05 09:44:13.849434');
INSERT INTO django_admin_log VALUES(290,'3','Egg BLT McMuffin',2,'[{"changed": {"fields": ["Price"]}}]',9,1,'2023-11-05 09:44:18.293780');
INSERT INTO django_admin_log VALUES(291,'2','Big Mac',2,'[{"changed": {"fields": ["Price"]}}]',9,1,'2023-11-05 09:44:22.628104');
INSERT INTO django_admin_log VALUES(292,'1','Chicken McMuffin',2,'[{"changed": {"fields": ["Price"]}}]',9,1,'2023-11-05 09:44:27.876746');
INSERT INTO django_admin_log VALUES(293,'5','Uncle Burger',2,'[]',9,1,'2023-11-05 09:44:35.083561');
INSERT INTO django_admin_log VALUES(294,'4','Roujiamo',2,'[]',9,1,'2023-11-05 09:44:38.636809');
INSERT INTO django_admin_log VALUES(295,'3','Egg BLT McMuffin',2,'[]',9,1,'2023-11-05 09:44:42.303271');
INSERT INTO django_admin_log VALUES(296,'2','Big Mac',2,'[]',9,1,'2023-11-05 09:44:45.718378');
INSERT INTO django_admin_log VALUES(297,'1','Chicken McMuffin',2,'[]',9,1,'2023-11-05 09:44:48.913677');
INSERT INTO django_admin_log VALUES(298,'1','reset_ticket: 1 * * * * (m/h/dM/MY/d) UTC',3,'',16,1,'2023-11-05 17:50:10.409337');
INSERT INTO django_admin_log VALUES(299,'1','1 * * * * (m/h/dM/MY/d) UTC',3,'',14,1,'2023-11-05 17:50:33.638681');
INSERT INTO django_admin_log VALUES(300,'1','every day',3,'',15,1,'2023-11-05 17:50:48.630102');
INSERT INTO django_admin_log VALUES(301,'256','<Task: ca823271-d6a4-4730-8fea-b523857c0262 (SUCCESS)>',3,'',11,1,'2023-11-05 17:52:22.800114');
INSERT INTO django_admin_log VALUES(302,'255','<Task: 4d7e3aa4-3248-4e3e-9b0a-0e8c826824eb (SUCCESS)>',3,'',11,1,'2023-11-05 17:52:23.210181');
INSERT INTO django_admin_log VALUES(303,'253','<Task: 299532a7-f2e2-4c7d-9b00-8f96c1a1e40e (SUCCESS)>',3,'',11,1,'2023-11-05 17:52:23.460969');
INSERT INTO django_admin_log VALUES(304,'254','<Task: 5b8d8c7e-57b1-4ba5-ac21-0e282961eabb (SUCCESS)>',3,'',11,1,'2023-11-05 17:52:23.643432');
INSERT INTO django_admin_log VALUES(305,'252','<Task: 690f73e1-ab69-42de-a8f6-3fe7f5bc59f8 (SUCCESS)>',3,'',11,1,'2023-11-05 17:52:23.835210');
INSERT INTO django_admin_log VALUES(306,'251','<Task: 0f7811a9-9306-4d03-9bc8-376f26af1a65 (SUCCESS)>',3,'',11,1,'2023-11-05 17:52:24.031009');
INSERT INTO django_admin_log VALUES(307,'250','<Task: 3c44499a-af66-430d-8d10-62c021f05915 (SUCCESS)>',3,'',11,1,'2023-11-05 17:52:24.252045');
INSERT INTO django_admin_log VALUES(308,'249','<Task: 17b0646f-810a-47aa-a360-07aa0699a6e5 (SUCCESS)>',3,'',11,1,'2023-11-05 17:52:24.452134');
INSERT INTO django_admin_log VALUES(309,'248','<Task: 95ca8312-b383-48a6-920c-44291f386f52 (SUCCESS)>',3,'',11,1,'2023-11-05 17:52:24.652021');
INSERT INTO django_admin_log VALUES(310,'247','<Task: 4d22d3ca-d176-468a-baab-5a89a481ef66 (SUCCESS)>',3,'',11,1,'2023-11-05 17:52:24.852101');
INSERT INTO django_admin_log VALUES(311,'246','<Task: 44c6cce2-1470-4577-be50-1f113a5237cd (SUCCESS)>',3,'',11,1,'2023-11-05 17:52:25.060408');
INSERT INTO django_admin_log VALUES(312,'245','<Task: de59fa0c-7f48-464d-bade-29d4dbca99bc (SUCCESS)>',3,'',11,1,'2023-11-05 17:52:25.269047');
INSERT INTO django_admin_log VALUES(313,'244','<Task: 8ef97bc3-795b-43da-9acd-25949796b068 (SUCCESS)>',3,'',11,1,'2023-11-05 17:52:25.477263');
INSERT INTO django_admin_log VALUES(314,'243','<Task: 529124ea-f2c6-48f4-9b4f-5f6263c0b79b (SUCCESS)>',3,'',11,1,'2023-11-05 17:52:25.685758');
INSERT INTO django_admin_log VALUES(315,'242','<Task: c17352c9-a2fc-40dd-bd22-beabf6ff88b1 (SUCCESS)>',3,'',11,1,'2023-11-05 17:52:25.894208');
INSERT INTO django_admin_log VALUES(316,'241','<Task: 56954419-8753-4cb0-b12e-5ad762246219 (SUCCESS)>',3,'',11,1,'2023-11-05 17:52:26.119124');
INSERT INTO django_admin_log VALUES(317,'240','<Task: 80c23f19-0ee1-4992-945f-cd2065aaa2b8 (SUCCESS)>',3,'',11,1,'2023-11-05 17:52:26.319139');
INSERT INTO django_admin_log VALUES(318,'239','<Task: 58785b81-6147-452c-9adf-f40523f90a4f (SUCCESS)>',3,'',11,1,'2023-11-05 17:52:26.519234');
INSERT INTO django_admin_log VALUES(319,'238','<Task: 09c8a845-a9fd-4864-8601-9d40334bcd44 (SUCCESS)>',3,'',11,1,'2023-11-05 17:52:26.719409');
INSERT INTO django_admin_log VALUES(320,'237','<Task: c12e973b-d37c-4785-a035-fe50266b3715 (SUCCESS)>',3,'',11,1,'2023-11-05 17:52:26.919338');
INSERT INTO django_admin_log VALUES(321,'236','<Task: 66e78d65-6597-42e5-96c9-ece635845187 (SUCCESS)>',3,'',11,1,'2023-11-05 17:52:27.119311');
INSERT INTO django_admin_log VALUES(322,'235','<Task: 40a01583-f9c0-45fe-91b9-3c36f9e712a4 (SUCCESS)>',3,'',11,1,'2023-11-05 17:52:27.319407');
INSERT INTO django_admin_log VALUES(323,'234','<Task: 2300ac31-8e65-4f90-8c91-449a9409644b (SUCCESS)>',3,'',11,1,'2023-11-05 17:52:27.544599');
INSERT INTO django_admin_log VALUES(324,'233','<Task: 492257a4-c995-4592-9d4c-49e1d436320f (SUCCESS)>',3,'',11,1,'2023-11-05 17:52:27.744633');
INSERT INTO django_admin_log VALUES(325,'232','<Task: 38febbb0-3e3d-44bd-bd73-cdfeda2c4ba9 (SUCCESS)>',3,'',11,1,'2023-11-05 17:52:27.944585');
INSERT INTO django_admin_log VALUES(326,'231','<Task: fb700d4b-0f71-474a-9da4-6239723933a1 (SUCCESS)>',3,'',11,1,'2023-11-05 17:52:28.144903');
INSERT INTO django_admin_log VALUES(327,'229','<Task: 966321b5-e11f-443b-a194-edc4856906fb (SUCCESS)>',3,'',11,1,'2023-11-05 17:52:28.344809');
INSERT INTO django_admin_log VALUES(328,'226','<Task: 1148a13c-1a9a-4da9-994a-9ba12b8440cf (SUCCESS)>',3,'',11,1,'2023-11-05 17:52:28.544754');
INSERT INTO django_admin_log VALUES(329,'230','<Task: 58d6768a-d173-4722-a2bd-c61f322303ca (SUCCESS)>',3,'',11,1,'2023-11-05 17:52:28.744918');
INSERT INTO django_admin_log VALUES(330,'227','<Task: 47e713ea-8f81-423e-a6c7-682738967291 (SUCCESS)>',3,'',11,1,'2023-11-05 17:52:28.945022');
INSERT INTO django_admin_log VALUES(331,'228','<Task: 9792a7d0-a019-4537-9122-0faff811918e (SUCCESS)>',3,'',11,1,'2023-11-05 17:52:29.144930');
INSERT INTO django_admin_log VALUES(332,'225','<Task: d1f33603-0755-4e1d-8cc0-2cef1e5bee4d (SUCCESS)>',3,'',11,1,'2023-11-05 17:52:29.345002');
INSERT INTO django_admin_log VALUES(333,'224','<Task: ec647b39-4861-45c9-a7fb-1ca0684c54ba (SUCCESS)>',3,'',11,1,'2023-11-05 17:52:29.578634');
INSERT INTO django_admin_log VALUES(334,'222','<Task: 1f7a2f19-b879-4a64-8f5d-5c644a06ea36 (SUCCESS)>',3,'',11,1,'2023-11-05 17:52:29.778518');
INSERT INTO django_admin_log VALUES(335,'223','<Task: 3092e1e7-e1eb-46d5-bd6c-219c63f03b5a (SUCCESS)>',3,'',11,1,'2023-11-05 17:52:29.978616');
INSERT INTO django_admin_log VALUES(336,'220','<Task: 6d319b88-ead4-4d42-a50d-432f9ba8c75e (SUCCESS)>',3,'',11,1,'2023-11-05 17:52:30.178747');
INSERT INTO django_admin_log VALUES(337,'221','<Task: 27083aa9-4283-43d8-95e7-473c6c3a018b (SUCCESS)>',3,'',11,1,'2023-11-05 17:52:30.378702');
INSERT INTO django_admin_log VALUES(338,'219','<Task: 71e576df-9b07-4440-b3b7-766aa8d0bd04 (SUCCESS)>',3,'',11,1,'2023-11-05 17:52:30.578853');
INSERT INTO django_admin_log VALUES(339,'218','<Task: 85d65333-cdf0-4743-8b0e-9f99f9eed6ff (FAILURE)>',3,'',11,1,'2023-11-05 17:52:30.808321');
INSERT INTO django_admin_log VALUES(340,'217','<Task: 98d27b26-7e8b-4758-89df-ea6a8903f55e (SUCCESS)>',3,'',11,1,'2023-11-05 17:52:31.025663');
INSERT INTO django_admin_log VALUES(341,'216','<Task: 233ccac4-6abd-465d-a37b-a11c3cd20340 (SUCCESS)>',3,'',11,1,'2023-11-05 17:52:31.220478');
INSERT INTO django_admin_log VALUES(342,'215','<Task: c25744b1-7c29-4083-8d4e-867b311026fb (SUCCESS)>',3,'',11,1,'2023-11-05 17:52:31.420552');
INSERT INTO django_admin_log VALUES(343,'214','<Task: 17323bb7-59fd-4ee4-969b-ece709b9f195 (SUCCESS)>',3,'',11,1,'2023-11-05 17:52:31.637446');
INSERT INTO django_admin_log VALUES(344,'213','<Task: d528b82f-7896-4a0e-904c-6744ab571c9b (SUCCESS)>',3,'',11,1,'2023-11-05 17:52:31.889037');
INSERT INTO django_admin_log VALUES(345,'212','<Task: fff525e1-5053-43ff-a05b-2097d89a5596 (SUCCESS)>',3,'',11,1,'2023-11-05 17:52:32.079093');
INSERT INTO django_admin_log VALUES(346,'211','<Task: d6a097f4-c3fe-4392-80b3-d2a1c0dfa7d2 (SUCCESS)>',3,'',11,1,'2023-11-05 17:52:32.279100');
INSERT INTO django_admin_log VALUES(347,'210','<Task: 666338e7-51a4-4a79-9853-f4e104d5dd5e (SUCCESS)>',3,'',11,1,'2023-11-05 17:52:32.487639');
INSERT INTO django_admin_log VALUES(348,'209','<Task: 3c7a83ef-2bf9-46c8-99b4-db26fbf1e934 (SUCCESS)>',3,'',11,1,'2023-11-05 17:52:32.687660');
INSERT INTO django_admin_log VALUES(349,'208','<Task: 2bc36d75-bc98-42a9-b6ce-0e97b9860df7 (FAILURE)>',3,'',11,1,'2023-11-05 17:52:32.896006');
INSERT INTO django_admin_log VALUES(350,'207','<Task: 44a803c8-c5f3-448f-a6bf-d379c341e57c (FAILURE)>',3,'',11,1,'2023-11-05 17:52:33.087689');
INSERT INTO django_admin_log VALUES(351,'203','<Task: b10c7999-cc05-4b93-8e49-f1ed48cd54ec (SUCCESS)>',3,'',11,1,'2023-11-05 17:52:33.337816');
INSERT INTO django_admin_log VALUES(352,'206','<Task: 681c1d86-706c-4c0b-a167-b6f6dfdc7bac (SUCCESS)>',3,'',11,1,'2023-11-05 17:52:33.546745');
INSERT INTO django_admin_log VALUES(353,'204','<Task: 54ad0103-ee46-4036-af44-6cc5e352c010 (SUCCESS)>',3,'',11,1,'2023-11-05 17:52:33.746323');
INSERT INTO django_admin_log VALUES(354,'202','<Task: 73b74ba5-c104-4d81-acb4-5b73925315d1 (SUCCESS)>',3,'',11,1,'2023-11-05 17:52:33.946274');
INSERT INTO django_admin_log VALUES(355,'205','<Task: 0c46f20f-08b4-4d0c-b1ab-458fd4520025 (SUCCESS)>',3,'',11,1,'2023-11-05 17:52:34.146326');
INSERT INTO django_admin_log VALUES(356,'200','<Task: e7e00c45-ace8-4320-8650-ff7e15fbb4fb (SUCCESS)>',3,'',11,1,'2023-11-05 17:52:34.338195');
INSERT INTO django_admin_log VALUES(357,'199','<Task: 922e3bb6-34c5-4700-a468-30fd320cb802 (SUCCESS)>',3,'',11,1,'2023-11-05 17:52:34.596394');
INSERT INTO django_admin_log VALUES(358,'201','<Task: 60affab9-8069-4e7a-a7fe-a2f13a1b4854 (SUCCESS)>',3,'',11,1,'2023-11-05 17:52:34.821429');
INSERT INTO django_admin_log VALUES(359,'198','<Task: 8c1c8045-7e27-4d1a-aa46-afae4c40c359 (SUCCESS)>',3,'',11,1,'2023-11-05 17:52:35.046543');
INSERT INTO django_admin_log VALUES(360,'197','<Task: ef6dde27-a144-449f-85ed-74f24da12371 (SUCCESS)>',3,'',11,1,'2023-11-05 17:52:35.271593');
INSERT INTO django_admin_log VALUES(361,'196','<Task: 08900974-aeba-43d9-8816-287edb4bfc98 (SUCCESS)>',3,'',11,1,'2023-11-05 17:52:35.513317');
INSERT INTO django_admin_log VALUES(362,'195','<Task: 5a4a29c1-9d6a-419a-be0e-714e399f55a8 (SUCCESS)>',3,'',11,1,'2023-11-05 17:52:35.738323');
INSERT INTO django_admin_log VALUES(363,'194','<Task: c533815f-7ed9-4bdb-be3a-e478b57d5152 (SUCCESS)>',3,'',11,1,'2023-11-05 17:52:35.963499');
INSERT INTO django_admin_log VALUES(364,'193','<Task: 592094ad-9549-4fe6-ba3a-f84a50d28764 (SUCCESS)>',3,'',11,1,'2023-11-05 17:52:36.163308');
INSERT INTO django_admin_log VALUES(365,'192','<Task: 35c01de4-5585-4e07-8d54-7833ec8e2286 (SUCCESS)>',3,'',11,1,'2023-11-05 17:52:36.388629');
INSERT INTO django_admin_log VALUES(366,'191','<Task: 0d2d4b7c-bc6b-49b6-9963-f549819a6252 (SUCCESS)>',3,'',11,1,'2023-11-05 17:52:36.613624');
INSERT INTO django_admin_log VALUES(367,'190','<Task: 85773f29-0db4-42fd-9174-387affc674a5 (SUCCESS)>',3,'',11,1,'2023-11-05 17:52:36.838590');
INSERT INTO django_admin_log VALUES(368,'189','<Task: e188d15c-b285-45f3-a786-ed4f4fa6183b (SUCCESS)>',3,'',11,1,'2023-11-05 17:52:37.063483');
INSERT INTO django_admin_log VALUES(369,'188','<Task: da3b359d-f1ba-4c8c-944f-658cc42f678e (SUCCESS)>',3,'',11,1,'2023-11-05 17:52:37.288785');
INSERT INTO django_admin_log VALUES(370,'187','<Task: 61adc0bc-2ad2-4205-a69e-894d4a348723 (SUCCESS)>',3,'',11,1,'2023-11-05 17:52:37.480199');
INSERT INTO django_admin_log VALUES(371,'186','<Task: 2a512249-3993-4ab9-9fdd-b5b18e798ebb (SUCCESS)>',3,'',11,1,'2023-11-05 17:52:37.730511');
INSERT INTO django_admin_log VALUES(372,'185','<Task: c8916c6d-348e-4b3a-86ca-5dcb26754297 (SUCCESS)>',3,'',11,1,'2023-11-05 17:52:37.930575');
INSERT INTO django_admin_log VALUES(373,'184','<Task: adcd80a7-0b7b-4bcf-bfe2-da6818e62319 (SUCCESS)>',3,'',11,1,'2023-11-05 17:52:38.147066');
INSERT INTO django_admin_log VALUES(374,'183','<Task: 285cbae1-9372-42e8-92a8-2f9c715033b7 (SUCCESS)>',3,'',11,1,'2023-11-05 17:52:38.347274');
INSERT INTO django_admin_log VALUES(375,'182','<Task: 5af49154-2e25-4efb-a13d-1e8a3729bb1f (SUCCESS)>',3,'',11,1,'2023-11-05 17:52:38.547285');
INSERT INTO django_admin_log VALUES(376,'181','<Task: 5afff529-b427-4a73-a561-1171180d9739 (SUCCESS)>',3,'',11,1,'2023-11-05 17:52:38.747987');
INSERT INTO django_admin_log VALUES(377,'180','<Task: e6c83fe2-03e4-4e30-b272-f9c3165fc476 (SUCCESS)>',3,'',11,1,'2023-11-05 17:52:38.980851');
INSERT INTO django_admin_log VALUES(378,'179','<Task: e77f64f4-6304-46b7-a594-e057271a1e84 (SUCCESS)>',3,'',11,1,'2023-11-05 17:52:39.180826');
INSERT INTO django_admin_log VALUES(379,'178','<Task: ad64df39-b90a-45d5-ad66-7615d671f983 (SUCCESS)>',3,'',11,1,'2023-11-05 17:52:39.414414');
INSERT INTO django_admin_log VALUES(380,'177','<Task: 21c559b7-ace8-427a-b21c-650549bebce5 (SUCCESS)>',3,'',11,1,'2023-11-05 17:52:39.647593');
INSERT INTO django_admin_log VALUES(381,'176','<Task: 591bdf75-b575-4946-ab22-409ae8daeb29 (SUCCESS)>',3,'',11,1,'2023-11-05 17:52:39.881045');
INSERT INTO django_admin_log VALUES(382,'175','<Task: df967d06-a81b-4dce-a5a0-50ebc8f35d46 (SUCCESS)>',3,'',11,1,'2023-11-05 17:52:40.131030');
INSERT INTO django_admin_log VALUES(383,'174','<Task: 30d5d839-bbb8-4c7a-9ba2-c96aff05bbd8 (SUCCESS)>',3,'',11,1,'2023-11-05 17:52:40.331185');
INSERT INTO django_admin_log VALUES(384,'173','<Task: c52a48ac-56c3-400c-ac39-4aac75f21194 (SUCCESS)>',3,'',11,1,'2023-11-05 17:52:40.531047');
INSERT INTO django_admin_log VALUES(385,'172','<Task: fd321f8f-6632-45d7-9c77-7d09100cfe6b (SUCCESS)>',3,'',11,1,'2023-11-05 17:52:40.817008');
INSERT INTO django_admin_log VALUES(386,'171','<Task: ea0228d5-fd5e-45bb-bd37-867afe277d82 (SUCCESS)>',3,'',11,1,'2023-11-05 17:52:41.022850');
INSERT INTO django_admin_log VALUES(387,'170','<Task: e3f0d82c-1209-4f4e-a907-bc1bcf8b4945 (SUCCESS)>',3,'',11,1,'2023-11-05 17:52:41.256454');
INSERT INTO django_admin_log VALUES(388,'169','<Task: abc4ca53-32fa-442e-bf14-7c6f6852919b (SUCCESS)>',3,'',11,1,'2023-11-05 17:52:41.481355');
INSERT INTO django_admin_log VALUES(389,'168','<Task: c0128c15-015f-4358-9e47-9898779921cd (SUCCESS)>',3,'',11,1,'2023-11-05 17:52:41.689728');
INSERT INTO django_admin_log VALUES(390,'167','<Task: 8b4b43f9-6f94-47e4-aaad-0817af89051d (SUCCESS)>',3,'',11,1,'2023-11-05 17:52:41.889869');
INSERT INTO django_admin_log VALUES(391,'166','<Task: 7341a8ca-822d-481b-b958-c2cee4c365d8 (SUCCESS)>',3,'',11,1,'2023-11-05 17:52:42.139967');
INSERT INTO django_admin_log VALUES(392,'164','<Task: b85b5885-4f0a-43db-b8f8-23bab20aff5b (SUCCESS)>',3,'',11,1,'2023-11-05 17:52:42.390127');
INSERT INTO django_admin_log VALUES(393,'163','<Task: 82d2c5c0-e234-42a7-b7ec-9913542b865c (SUCCESS)>',3,'',11,1,'2023-11-05 17:52:42.631635');
INSERT INTO django_admin_log VALUES(394,'165','<Task: 5aeb426e-ec04-4a66-aeb5-21a834c96a9a (SUCCESS)>',3,'',11,1,'2023-11-05 17:52:42.864981');
INSERT INTO django_admin_log VALUES(395,'161','<Task: a0a13f18-6080-4b69-8236-e62e9d25f053 (SUCCESS)>',3,'',11,1,'2023-11-05 17:52:43.073332');
INSERT INTO django_admin_log VALUES(396,'162','<Task: afa00eda-baea-4540-9240-a750c0de2fe0 (SUCCESS)>',3,'',11,1,'2023-11-05 17:52:43.281841');
INSERT INTO django_admin_log VALUES(397,'157','<Task: a93e0c05-7ffb-43e6-bb52-c4dc4b0f1f41 (SUCCESS)>',3,'',11,1,'2023-11-05 17:52:43.507032');
INSERT INTO django_admin_log VALUES(398,'160','<Task: 72b6c0e9-e368-46c5-9c9c-37f22980f69e (SUCCESS)>',3,'',11,1,'2023-11-05 17:52:43.715188');
INSERT INTO django_admin_log VALUES(399,'159','<Task: 771157fc-b96d-4937-8df6-6bf5626f932d (SUCCESS)>',3,'',11,1,'2023-11-05 17:52:43.923602');
INSERT INTO django_admin_log VALUES(400,'158','<Task: 3aa0e687-8711-4fb1-833f-62ed05c8dcae (SUCCESS)>',3,'',11,1,'2023-11-05 17:52:44.132048');
INSERT INTO django_admin_log VALUES(401,'156','<Task: 945a6454-56f5-451e-973d-6b3cd784cdb0 (SUCCESS)>',3,'',11,1,'2023-11-05 17:53:05.722755');
INSERT INTO django_admin_log VALUES(402,'155','<Task: f0396aa3-9bd8-474f-b7b2-c940a0fbf719 (SUCCESS)>',3,'',11,1,'2023-11-05 17:53:05.978531');
INSERT INTO django_admin_log VALUES(403,'154','<Task: d018f373-c21a-45bd-92ac-def1ed201c0b (SUCCESS)>',3,'',11,1,'2023-11-05 17:53:06.203236');
INSERT INTO django_admin_log VALUES(404,'153','<Task: 228b30b4-067c-4d1c-957e-a03905eaf3e7 (SUCCESS)>',3,'',11,1,'2023-11-05 17:53:06.428590');
INSERT INTO django_admin_log VALUES(405,'152','<Task: 74d80863-fc6d-4d42-b927-8d80ed149bfc (SUCCESS)>',3,'',11,1,'2023-11-05 17:53:06.636949');
INSERT INTO django_admin_log VALUES(406,'151','<Task: 77a76c40-8e00-4440-818e-8a5679616c1e (SUCCESS)>',3,'',11,1,'2023-11-05 17:53:06.870011');
INSERT INTO django_admin_log VALUES(407,'149','<Task: 16e3894d-8ed7-4fb6-b373-bb5c93d79bb1 (SUCCESS)>',3,'',11,1,'2023-11-05 17:53:07.078474');
INSERT INTO django_admin_log VALUES(408,'150','<Task: 962b7e0f-c4f3-4ffd-805d-e42b2f2abcf5 (SUCCESS)>',3,'',11,1,'2023-11-05 17:53:07.311778');
INSERT INTO django_admin_log VALUES(409,'148','<Task: c7db2bdc-2695-4b66-94ed-4eafceb1250a (SUCCESS)>',3,'',11,1,'2023-11-05 17:53:07.520178');
INSERT INTO django_admin_log VALUES(410,'147','<Task: e4a750f7-2b8e-4271-ae5c-1826f6183190 (SUCCESS)>',3,'',11,1,'2023-11-05 17:53:07.736959');
INSERT INTO django_admin_log VALUES(411,'146','<Task: a04f290e-064e-4f77-8042-811df4397293 (SUCCESS)>',3,'',11,1,'2023-11-05 17:53:07.945247');
INSERT INTO django_admin_log VALUES(412,'145','<Task: 275a9cfc-e1e4-4016-bad9-723a87818c35 (SUCCESS)>',3,'',11,1,'2023-11-05 17:53:08.145331');
INSERT INTO django_admin_log VALUES(413,'144','<Task: f47115af-a6ba-4ae1-acec-10c982024e11 (SUCCESS)>',3,'',11,1,'2023-11-05 17:53:08.370361');
INSERT INTO django_admin_log VALUES(414,'143','<Task: dc5c9a63-7219-4e6a-94ea-ead7751f54ac (SUCCESS)>',3,'',11,1,'2023-11-05 17:53:08.570627');
INSERT INTO django_admin_log VALUES(415,'142','<Task: 9070681a-286f-4ad6-a225-cddf9816e100 (SUCCESS)>',3,'',11,1,'2023-11-05 17:53:08.795437');
INSERT INTO django_admin_log VALUES(416,'141','<Task: a29912bc-954b-4b3c-830b-52a87bc94b0c (SUCCESS)>',3,'',11,1,'2023-11-05 17:53:09.020438');
INSERT INTO django_admin_log VALUES(417,'140','<Task: c2e55947-0da3-4483-a26f-72f9e0d718a7 (SUCCESS)>',3,'',11,1,'2023-11-05 17:53:09.220449');
INSERT INTO django_admin_log VALUES(418,'139','<Task: 7febfd8c-9c03-4bfe-9359-1c519acfcb3c (SUCCESS)>',3,'',11,1,'2023-11-05 17:53:09.445677');
INSERT INTO django_admin_log VALUES(419,'138','<Task: f49ca6fa-3d9f-408d-8678-feb07a26ebed (SUCCESS)>',3,'',11,1,'2023-11-05 17:53:09.670599');
INSERT INTO django_admin_log VALUES(420,'137','<Task: 5263ace5-4a17-4510-b10e-3b0e80f785d2 (SUCCESS)>',3,'',11,1,'2023-11-05 17:53:09.879137');
INSERT INTO django_admin_log VALUES(421,'136','<Task: 88e70f0f-b2fc-4b6a-ad0e-8ed232a8230e (SUCCESS)>',3,'',11,1,'2023-11-05 17:53:10.087464');
INSERT INTO django_admin_log VALUES(422,'135','<Task: c12fa4e3-0b10-4ba8-8e44-4a9f36316513 (SUCCESS)>',3,'',11,1,'2023-11-05 17:53:10.287564');
INSERT INTO django_admin_log VALUES(423,'134','<Task: ab5df947-55a5-4d8b-988d-c157b8568b58 (SUCCESS)>',3,'',11,1,'2023-11-05 17:53:10.495769');
INSERT INTO django_admin_log VALUES(424,'133','<Task: 57de4d04-6bef-4851-b8b8-28d8d76ecb05 (SUCCESS)>',3,'',11,1,'2023-11-05 17:53:10.695849');
INSERT INTO django_admin_log VALUES(425,'132','<Task: 57b2eb8c-2eed-45d8-b440-95644c1bae4a (SUCCESS)>',3,'',11,1,'2023-11-05 17:53:10.921149');
INSERT INTO django_admin_log VALUES(426,'131','<Task: dd0117b5-2e5b-42b4-b85a-f3ab465c31f0 (SUCCESS)>',3,'',11,1,'2023-11-05 17:53:11.145896');
INSERT INTO django_admin_log VALUES(427,'130','<Task: 74451795-f30a-4971-b24a-9ef84f4b54dc (SUCCESS)>',3,'',11,1,'2023-11-05 17:53:11.362756');
INSERT INTO django_admin_log VALUES(428,'129','<Task: 8245e944-5bfa-4dfb-b381-7b9d866dabf5 (SUCCESS)>',3,'',11,1,'2023-11-05 17:53:11.579299');
INSERT INTO django_admin_log VALUES(429,'128','<Task: ec3a72c0-b6ae-4dd2-93c1-89a0dd0b9f40 (SUCCESS)>',3,'',11,1,'2023-11-05 17:53:11.821090');
INSERT INTO django_admin_log VALUES(430,'127','<Task: d1f5c5d1-1118-4a91-84d3-0fe6c797b4d3 (SUCCESS)>',3,'',11,1,'2023-11-05 17:53:12.037919');
INSERT INTO django_admin_log VALUES(431,'126','<Task: 2f368448-6d13-4c39-bb3b-582f345129c0 (SUCCESS)>',3,'',11,1,'2023-11-05 17:53:12.229466');
INSERT INTO django_admin_log VALUES(432,'125','<Task: 371c7d78-dd23-48d5-8269-da1dcebf645a (SUCCESS)>',3,'',11,1,'2023-11-05 17:53:12.446142');
INSERT INTO django_admin_log VALUES(433,'124','<Task: 5a36a6b5-1266-4963-a3bb-d6b6304b7c20 (SUCCESS)>',3,'',11,1,'2023-11-05 17:53:12.663063');
INSERT INTO django_admin_log VALUES(434,'123','<Task: 88ab2e0b-9afb-4195-ab88-99026fd68fb9 (SUCCESS)>',3,'',11,1,'2023-11-05 17:53:12.879642');
INSERT INTO django_admin_log VALUES(435,'122','<Task: 35453a52-a8c3-429f-b2c6-bc51a3f2ca62 (SUCCESS)>',3,'',11,1,'2023-11-05 17:53:13.079696');
INSERT INTO django_admin_log VALUES(436,'121','<Task: 6f3f1425-f2e0-4780-9eeb-76e841eea3f0 (SUCCESS)>',3,'',11,1,'2023-11-05 17:53:13.279654');
INSERT INTO django_admin_log VALUES(437,'120','<Task: 2187233f-b17f-4c97-8a30-0c29e1177202 (SUCCESS)>',3,'',11,1,'2023-11-05 17:53:13.504966');
INSERT INTO django_admin_log VALUES(438,'119','<Task: f6dc6ccc-3b5c-4598-9ab6-5a1f9952e308 (SUCCESS)>',3,'',11,1,'2023-11-05 17:53:13.721638');
INSERT INTO django_admin_log VALUES(439,'118','<Task: 816be4c6-634d-4a4d-aca5-36e171893889 (SUCCESS)>',3,'',11,1,'2023-11-05 17:53:13.963121');
INSERT INTO django_admin_log VALUES(440,'117','<Task: f483534a-ec0b-43fc-b4db-1dc0a6dc846d (SUCCESS)>',3,'',11,1,'2023-11-05 17:53:14.179780');
INSERT INTO django_admin_log VALUES(441,'116','<Task: a9e2d00d-1d82-42f8-b2de-9beb08913070 (SUCCESS)>',3,'',11,1,'2023-11-05 17:53:14.396530');
INSERT INTO django_admin_log VALUES(442,'115','<Task: 0ba2352d-16e0-4da5-a1ea-d0d6fb494021 (SUCCESS)>',3,'',11,1,'2023-11-05 17:53:14.588377');
INSERT INTO django_admin_log VALUES(443,'114','<Task: 2c34f989-ca9e-4341-b8da-175f684c87eb (SUCCESS)>',3,'',11,1,'2023-11-05 17:53:14.788270');
INSERT INTO django_admin_log VALUES(444,'113','<Task: 540c13e1-c84a-44b9-a68b-69ee1bd3f8bb (SUCCESS)>',3,'',11,1,'2023-11-05 17:53:14.988256');
INSERT INTO django_admin_log VALUES(445,'112','<Task: e83d6553-9ba8-432e-a976-abb68d4de4dc (SUCCESS)>',3,'',11,1,'2023-11-05 17:53:15.205046');
INSERT INTO django_admin_log VALUES(446,'111','<Task: c376efb7-046f-44b3-a97e-87d83d5911cc (SUCCESS)>',3,'',11,1,'2023-11-05 17:53:15.421747');
INSERT INTO django_admin_log VALUES(447,'110','<Task: 25310d40-902c-45f3-a72c-81637d67e515 (SUCCESS)>',3,'',11,1,'2023-11-05 17:53:15.646800');
INSERT INTO django_admin_log VALUES(448,'109','<Task: 785e23f5-2b5b-44e7-b804-0343fcf68c17 (SUCCESS)>',3,'',11,1,'2023-11-05 17:53:15.846926');
INSERT INTO django_admin_log VALUES(449,'108','<Task: b8d8e756-1090-4881-9070-6d052da38172 (SUCCESS)>',3,'',11,1,'2023-11-05 17:53:16.063558');
INSERT INTO django_admin_log VALUES(450,'107','<Task: 38223f7d-00b2-4105-b388-00796db9c13d (SUCCESS)>',3,'',11,1,'2023-11-05 17:53:16.263478');
INSERT INTO django_admin_log VALUES(451,'106','<Task: 11e95cca-82a9-4f71-8100-67e2299ef9f1 (FAILURE)>',3,'',11,1,'2023-11-05 17:53:16.471827');
INSERT INTO django_admin_log VALUES(452,'105','<Task: 2e29b0e4-3bf0-48bd-8fb4-606369bd653c (SUCCESS)>',3,'',11,1,'2023-11-05 17:53:16.680222');
INSERT INTO django_admin_log VALUES(453,'102','<Task: 1467f301-2225-419e-a057-5f0112b163d5 (SUCCESS)>',3,'',11,1,'2023-11-05 17:53:16.880628');
INSERT INTO django_admin_log VALUES(454,'104','<Task: 0204d2ab-6a28-4e12-a51c-0936b6df4932 (SUCCESS)>',3,'',11,1,'2023-11-05 17:53:17.097062');
INSERT INTO django_admin_log VALUES(455,'103','<Task: 6b39c842-64c5-4e66-89b0-c20f2babb688 (SUCCESS)>',3,'',11,1,'2023-11-05 17:53:17.313890');
INSERT INTO django_admin_log VALUES(456,'101','<Task: 7f698f2d-ebeb-4aa1-baaf-b15fe72f9917 (SUCCESS)>',3,'',11,1,'2023-11-05 17:53:17.530668');
INSERT INTO django_admin_log VALUES(457,'100','<Task: 85ebe2d1-61a7-487f-b8f5-c48e52e8a1c2 (SUCCESS)>',3,'',11,1,'2023-11-05 17:53:17.738891');
INSERT INTO django_admin_log VALUES(458,'99','<Task: ac2711d0-5b77-4148-ab31-6ee629c4f8a6 (FAILURE)>',3,'',11,1,'2023-11-05 17:53:17.963914');
INSERT INTO django_admin_log VALUES(459,'98','<Task: 0e72fe21-25ef-4820-a79e-8bea94706663 (FAILURE)>',3,'',11,1,'2023-11-05 17:53:18.180556');
INSERT INTO django_admin_log VALUES(460,'93','<Task: 6e6df6ca-d8b2-4050-b8a1-67f1041030f7 (SUCCESS)>',3,'',11,1,'2023-11-05 17:53:18.405818');
INSERT INTO django_admin_log VALUES(461,'97','<Task: 72cbe41d-1cb3-402d-8ebd-ef82dbb07139 (SUCCESS)>',3,'',11,1,'2023-11-05 17:53:18.631211');
INSERT INTO django_admin_log VALUES(462,'92','<Task: 0c8a4ab3-1845-433a-b3e1-2cf0e1d6f1e7 (SUCCESS)>',3,'',11,1,'2023-11-05 17:53:18.830738');
INSERT INTO django_admin_log VALUES(463,'96','<Task: 692a1ea6-a7d8-4659-bc6a-c85cda622564 (SUCCESS)>',3,'',11,1,'2023-11-05 17:53:19.055811');
INSERT INTO django_admin_log VALUES(464,'95','<Task: 71fc2daf-1660-414e-8ab9-985ce9fd2ffa (SUCCESS)>',3,'',11,1,'2023-11-05 17:53:19.273009');
INSERT INTO django_admin_log VALUES(465,'94','<Task: 2c9cfceb-d909-42df-87c0-329337605f36 (SUCCESS)>',3,'',11,1,'2023-11-05 17:53:19.489405');
INSERT INTO django_admin_log VALUES(466,'90','<Task: e6811c3c-8b54-4197-acf7-8204d4445236 (SUCCESS)>',3,'',11,1,'2023-11-05 17:53:19.727948');
INSERT INTO django_admin_log VALUES(467,'91','<Task: e5a1b511-2baa-4a90-9032-4a8172b72d76 (SUCCESS)>',3,'',11,1,'2023-11-05 17:53:19.989692');
INSERT INTO django_admin_log VALUES(468,'89','<Task: bb75d3b9-986e-4a69-a54c-7ce85a8d931a (SUCCESS)>',3,'',11,1,'2023-11-05 17:53:20.222916');
INSERT INTO django_admin_log VALUES(469,'88','<Task: a0d34fe2-65ee-4bf3-8735-0c33c1b4f693 (SUCCESS)>',3,'',11,1,'2023-11-05 17:53:20.439722');
INSERT INTO django_admin_log VALUES(470,'87','<Task: fc7751b0-a4c4-4005-b076-cda8faf5644d (SUCCESS)>',3,'',11,1,'2023-11-05 17:53:20.664450');
INSERT INTO django_admin_log VALUES(471,'86','<Task: a64e922d-8cc2-4054-bd54-61231050ecc1 (SUCCESS)>',3,'',11,1,'2023-11-05 17:53:20.881085');
INSERT INTO django_admin_log VALUES(472,'85','<Task: e4218727-1927-485e-867e-e85dc6b898c5 (SUCCESS)>',3,'',11,1,'2023-11-05 17:53:21.106395');
INSERT INTO django_admin_log VALUES(473,'84','<Task: 35e1d6ff-3f7a-4c41-a5a0-a06fd0e60131 (SUCCESS)>',3,'',11,1,'2023-11-05 17:53:21.339567');
INSERT INTO django_admin_log VALUES(474,'83','<Task: 2548f238-2f72-4760-8d1f-3d6a09e8c3ec (SUCCESS)>',3,'',11,1,'2023-11-05 17:53:21.581354');
INSERT INTO django_admin_log VALUES(475,'82','<Task: f42f6f9d-30da-4412-be5d-55b448bf01e3 (SUCCESS)>',3,'',11,1,'2023-11-05 17:53:21.814833');
INSERT INTO django_admin_log VALUES(476,'76','<Task: 56299ab6-de03-47a7-9cbc-d0a01a446a1d (SUCCESS)>',3,'',11,1,'2023-11-05 17:53:22.048489');
INSERT INTO django_admin_log VALUES(477,'81','<Task: 4f171603-d777-45aa-8372-8ff0620f83da (SUCCESS)>',3,'',11,1,'2023-11-05 17:53:22.281436');
INSERT INTO django_admin_log VALUES(478,'80','<Task: 4372bdfb-08d3-4694-8713-71acb7c541ce (SUCCESS)>',3,'',11,1,'2023-11-05 17:53:22.514814');
INSERT INTO django_admin_log VALUES(479,'79','<Task: 9a7070b7-cff2-4ec7-8087-be0a29dcaf1d (SUCCESS)>',3,'',11,1,'2023-11-05 17:53:22.781632');
INSERT INTO django_admin_log VALUES(480,'78','<Task: cd3483ff-4d49-45c2-b76b-54fec7492a42 (SUCCESS)>',3,'',11,1,'2023-11-05 17:53:23.006598');
INSERT INTO django_admin_log VALUES(481,'77','<Task: 5f4868f3-7eb1-4e6b-84ac-970786a9bf40 (SUCCESS)>',3,'',11,1,'2023-11-05 17:53:23.256891');
INSERT INTO django_admin_log VALUES(482,'75','<Task: 79329c87-62b7-4360-ac87-eaaad6f5365d (SUCCESS)>',3,'',11,1,'2023-11-05 17:53:23.481793');
INSERT INTO django_admin_log VALUES(483,'73','<Task: 708631e5-4939-4a74-ab30-353ecc520726 (SUCCESS)>',3,'',11,1,'2023-11-05 17:53:23.715215');
INSERT INTO django_admin_log VALUES(484,'74','<Task: 817d0c04-1d09-46ca-804d-3aa15aee4f96 (SUCCESS)>',3,'',11,1,'2023-11-05 17:53:23.940254');
INSERT INTO django_admin_log VALUES(485,'70','<Task: 6fc1ab92-7ff8-425b-b070-42712396fd7a (SUCCESS)>',3,'',11,1,'2023-11-05 17:53:24.173439');
INSERT INTO django_admin_log VALUES(486,'72','<Task: 24d0f7a1-4b4d-4178-96b9-e815fb403ef9 (SUCCESS)>',3,'',11,1,'2023-11-05 17:53:24.431860');
INSERT INTO django_admin_log VALUES(487,'71','<Task: 8db87c60-c19c-46b4-bbda-1e4367676d09 (SUCCESS)>',3,'',11,1,'2023-11-05 17:53:24.665181');
INSERT INTO django_admin_log VALUES(488,'69','<Task: 876b313f-b8be-4487-b663-3c1f92d7a5fe (SUCCESS)>',3,'',11,1,'2023-11-05 17:53:24.924057');
INSERT INTO django_admin_log VALUES(489,'68','<Task: f57c8087-e4d4-471d-bc3b-7dac9caeec7a (SUCCESS)>',3,'',11,1,'2023-11-05 17:53:25.182190');
INSERT INTO django_admin_log VALUES(490,'67','<Task: f9d16588-3d73-4cae-ab43-17e726e6f054 (FAILURE)>',3,'',11,1,'2023-11-05 17:53:25.406986');
INSERT INTO django_admin_log VALUES(491,'66','<Task: 1cf61022-617f-4fe4-861a-8c4f6f429fa1 (FAILURE)>',3,'',11,1,'2023-11-05 17:53:25.640257');
INSERT INTO django_admin_log VALUES(492,'65','<Task: 7d40b16a-7767-4cf9-a24e-d6d153d85e2e (FAILURE)>',3,'',11,1,'2023-11-05 17:53:25.857063');
CREATE TABLE IF NOT EXISTS "django_content_type" ("id" integer NOT NULL PRIMARY KEY AUTOINCREMENT, "app_label" varchar(100) NOT NULL, "model" varchar(100) NOT NULL);
INSERT INTO django_content_type VALUES(1,'admin','logentry');
INSERT INTO django_content_type VALUES(2,'auth','permission');
INSERT INTO django_content_type VALUES(3,'auth','group');
INSERT INTO django_content_type VALUES(4,'auth','user');
INSERT INTO django_content_type VALUES(5,'contenttypes','contenttype');
INSERT INTO django_content_type VALUES(6,'sessions','session');
INSERT INTO django_content_type VALUES(7,'order_service','order');
INSERT INTO django_content_type VALUES(8,'order_service','menucategory');
INSERT INTO django_content_type VALUES(9,'order_service','menu');
INSERT INTO django_content_type VALUES(10,'order_service','payment');
INSERT INTO django_content_type VALUES(11,'django_celery_results','taskresult');
INSERT INTO django_content_type VALUES(12,'django_celery_results','chordcounter');
INSERT INTO django_content_type VALUES(13,'django_celery_results','groupresult');
INSERT INTO django_content_type VALUES(14,'django_celery_beat','crontabschedule');
INSERT INTO django_content_type VALUES(15,'django_celery_beat','intervalschedule');
INSERT INTO django_content_type VALUES(16,'django_celery_beat','periodictask');
INSERT INTO django_content_type VALUES(17,'django_celery_beat','periodictasks');
INSERT INTO django_content_type VALUES(18,'django_celery_beat','solarschedule');
INSERT INTO django_content_type VALUES(19,'django_celery_beat','clockedschedule');
CREATE TABLE IF NOT EXISTS "auth_permission" ("id" integer NOT NULL PRIMARY KEY AUTOINCREMENT, "content_type_id" integer NOT NULL REFERENCES "django_content_type" ("id") DEFERRABLE INITIALLY DEFERRED, "codename" varchar(100) NOT NULL, "name" varchar(255) NOT NULL);
INSERT INTO auth_permission VALUES(1,1,'add_logentry','Can add log entry');
INSERT INTO auth_permission VALUES(2,1,'change_logentry','Can change log entry');
INSERT INTO auth_permission VALUES(3,1,'delete_logentry','Can delete log entry');
INSERT INTO auth_permission VALUES(4,1,'view_logentry','Can view log entry');
INSERT INTO auth_permission VALUES(5,2,'add_permission','Can add permission');
INSERT INTO auth_permission VALUES(6,2,'change_permission','Can change permission');
INSERT INTO auth_permission VALUES(7,2,'delete_permission','Can delete permission');
INSERT INTO auth_permission VALUES(8,2,'view_permission','Can view permission');
INSERT INTO auth_permission VALUES(9,3,'add_group','Can add group');
INSERT INTO auth_permission VALUES(10,3,'change_group','Can change group');
INSERT INTO auth_permission VALUES(11,3,'delete_group','Can delete group');
INSERT INTO auth_permission VALUES(12,3,'view_group','Can view group');
INSERT INTO auth_permission VALUES(13,4,'add_user','Can add user');
INSERT INTO auth_permission VALUES(14,4,'change_user','Can change user');
INSERT INTO auth_permission VALUES(15,4,'delete_user','Can delete user');
INSERT INTO auth_permission VALUES(16,4,'view_user','Can view user');
INSERT INTO auth_permission VALUES(17,5,'add_contenttype','Can add content type');
INSERT INTO auth_permission VALUES(18,5,'change_contenttype','Can change content type');
INSERT INTO auth_permission VALUES(19,5,'delete_contenttype','Can delete content type');
INSERT INTO auth_permission VALUES(20,5,'view_contenttype','Can view content type');
INSERT INTO auth_permission VALUES(21,6,'add_session','Can add session');
INSERT INTO auth_permission VALUES(22,6,'change_session','Can change session');
INSERT INTO auth_permission VALUES(23,6,'delete_session','Can delete session');
INSERT INTO auth_permission VALUES(24,6,'view_session','Can view session');
INSERT INTO auth_permission VALUES(25,7,'add_order','Can add order');
INSERT INTO auth_permission VALUES(26,7,'change_order','Can change order');
INSERT INTO auth_permission VALUES(27,7,'delete_order','Can delete order');
INSERT INTO auth_permission VALUES(28,7,'view_order','Can view order');
INSERT INTO auth_permission VALUES(29,8,'add_menucategory','Can add menu category');
INSERT INTO auth_permission VALUES(30,8,'change_menucategory','Can change menu category');
INSERT INTO auth_permission VALUES(31,8,'delete_menucategory','Can delete menu category');
INSERT INTO auth_permission VALUES(32,8,'view_menucategory','Can view menu category');
INSERT INTO auth_permission VALUES(33,9,'add_menu','Can add menu');
INSERT INTO auth_permission VALUES(34,9,'change_menu','Can change menu');
INSERT INTO auth_permission VALUES(35,9,'delete_menu','Can delete menu');
INSERT INTO auth_permission VALUES(36,9,'view_menu','Can view menu');
INSERT INTO auth_permission VALUES(37,10,'add_payment','Can add payment');
INSERT INTO auth_permission VALUES(38,10,'change_payment','Can change payment');
INSERT INTO auth_permission VALUES(39,10,'delete_payment','Can delete payment');
INSERT INTO auth_permission VALUES(40,10,'view_payment','Can view payment');
INSERT INTO auth_permission VALUES(41,11,'add_taskresult','Can add task result');
INSERT INTO auth_permission VALUES(42,11,'change_taskresult','Can change task result');
INSERT INTO auth_permission VALUES(43,11,'delete_taskresult','Can delete task result');
INSERT INTO auth_permission VALUES(44,11,'view_taskresult','Can view task result');
INSERT INTO auth_permission VALUES(45,12,'add_chordcounter','Can add chord counter');
INSERT INTO auth_permission VALUES(46,12,'change_chordcounter','Can change chord counter');
INSERT INTO auth_permission VALUES(47,12,'delete_chordcounter','Can delete chord counter');
INSERT INTO auth_permission VALUES(48,12,'view_chordcounter','Can view chord counter');
INSERT INTO auth_permission VALUES(49,13,'add_groupresult','Can add group result');
INSERT INTO auth_permission VALUES(50,13,'change_groupresult','Can change group result');
INSERT INTO auth_permission VALUES(51,13,'delete_groupresult','Can delete group result');
INSERT INTO auth_permission VALUES(52,13,'view_groupresult','Can view group result');
INSERT INTO auth_permission VALUES(53,14,'add_crontabschedule','Can add crontab');
INSERT INTO auth_permission VALUES(54,14,'change_crontabschedule','Can change crontab');
INSERT INTO auth_permission VALUES(55,14,'delete_crontabschedule','Can delete crontab');
INSERT INTO auth_permission VALUES(56,14,'view_crontabschedule','Can view crontab');
INSERT INTO auth_permission VALUES(57,15,'add_intervalschedule','Can add interval');
INSERT INTO auth_permission VALUES(58,15,'change_intervalschedule','Can change interval');
INSERT INTO auth_permission VALUES(59,15,'delete_intervalschedule','Can delete interval');
INSERT INTO auth_permission VALUES(60,15,'view_intervalschedule','Can view interval');
INSERT INTO auth_permission VALUES(61,16,'add_periodictask','Can add periodic task');
INSERT INTO auth_permission VALUES(62,16,'change_periodictask','Can change periodic task');
INSERT INTO auth_permission VALUES(63,16,'delete_periodictask','Can delete periodic task');
INSERT INTO auth_permission VALUES(64,16,'view_periodictask','Can view periodic task');
INSERT INTO auth_permission VALUES(65,17,'add_periodictasks','Can add periodic tasks');
INSERT INTO auth_permission VALUES(66,17,'change_periodictasks','Can change periodic tasks');
INSERT INTO auth_permission VALUES(67,17,'delete_periodictasks','Can delete periodic tasks');
INSERT INTO auth_permission VALUES(68,17,'view_periodictasks','Can view periodic tasks');
INSERT INTO auth_permission VALUES(69,18,'add_solarschedule','Can add solar event');
INSERT INTO auth_permission VALUES(70,18,'change_solarschedule','Can change solar event');
INSERT INTO auth_permission VALUES(71,18,'delete_solarschedule','Can delete solar event');
INSERT INTO auth_permission VALUES(72,18,'view_solarschedule','Can view solar event');
INSERT INTO auth_permission VALUES(73,19,'add_clockedschedule','Can add clocked');
INSERT INTO auth_permission VALUES(74,19,'change_clockedschedule','Can change clocked');
INSERT INTO auth_permission VALUES(75,19,'delete_clockedschedule','Can delete clocked');
INSERT INTO auth_permission VALUES(76,19,'view_clockedschedule','Can view clocked');
CREATE TABLE IF NOT EXISTS "auth_group" ("id" integer NOT NULL PRIMARY KEY AUTOINCREMENT, "name" varchar(150) NOT NULL UNIQUE);
CREATE TABLE IF NOT EXISTS "auth_user" ("id" integer NOT NULL PRIMARY KEY AUTOINCREMENT, "password" varchar(128) NOT NULL, "last_login" datetime NULL, "is_superuser" bool NOT NULL, "username" varchar(150) NOT NULL UNIQUE, "last_name" varchar(150) NOT NULL, "email" varchar(254) NOT NULL, "is_staff" bool NOT NULL, "is_active" bool NOT NULL, "date_joined" datetime NOT NULL, "first_name" varchar(150) NOT NULL);
INSERT INTO auth_user VALUES(1,'pbkdf2_sha256$600000$c5CAsme1OQolumam29p68f$+Mj5OmaUW6bgcsEFXYkrtXw8CSB/8TEZ28kQQ/SByA0=','2023-11-06 08:35:14.689043',1,'admin','','a@a.com',1,1,'2023-11-05 00:02:33.171112','');
CREATE TABLE IF NOT EXISTS "django_session" ("session_key" varchar(40) NOT NULL PRIMARY KEY, "session_data" text NOT NULL, "expire_date" datetime NOT NULL);
INSERT INTO django_session VALUES('16tsvvmyhtcuht1vv6fwtpqr75q80dwd','.eJxVjEEOwiAQRe_C2hDKAB1cuu8ZCDNQqRqalHZlvLtt0oVu33v_v0WI21rC1vISpiSuohOXX0aRn7keIj1ivc-S57ouE8kjkadtcphTft3O9u-gxFb29YgxgSXW2kGPo0KNVpECApW95-Sy6ywCKvC8c6d7zSYaspAtkVHi8wXIIzcC:1qzQbB:VL1dHrBfYVsAPWDXfPYrbE9yKcbBoqy3JAAIbw0yVyo','2023-11-19 00:02:41.504738');
INSERT INTO django_session VALUES('mgkk3kj8verarvi3k3p47ky88ic2opo1','.eJxVjEEOwiAQRe_C2hDKAB1cuu8ZCDNQqRqalHZlvLtt0oVu33v_v0WI21rC1vISpiSuohOXX0aRn7keIj1ivc-S57ouE8kjkadtcphTft3O9u-gxFb29YgxgSXW2kGPo0KNVpECApW95-Sy6ywCKvC8c6d7zSYaspAtkVHi8wXIIzcC:1qzRWR:HP7zIpUoIBkr8XObKDVF3PljrWBFQYHXUm3k_ZFz81w','2023-11-19 01:01:51.154408');
INSERT INTO django_session VALUES('umok5xslis4k1scwiwyvpu6exeasqxs6','.eJxVjEEOwiAQRe_C2hDKAB1cuu8ZCDNQqRqalHZlvLtt0oVu33v_v0WI21rC1vISpiSuohOXX0aRn7keIj1ivc-S57ouE8kjkadtcphTft3O9u-gxFb29YgxgSXW2kGPo0KNVpECApW95-Sy6ywCKvC8c6d7zSYaspAtkVHi8wXIIzcC:1qzanP:tndKC-E4IbYpUtRxT1qIv-6J4VWwf-Q-J6z9V54ekzg','2023-11-19 10:55:59.204541');
INSERT INTO django_session VALUES('29mqrhoy58zwql0dmidc5uewtwsz2noz','.eJxVjEEOwiAQRe_C2hDKAB1cuu8ZCDNQqRqalHZlvLtt0oVu33v_v0WI21rC1vISpiSuohOXX0aRn7keIj1ivc-S57ouE8kjkadtcphTft3O9u-gxFb29YgxgSXW2kGPo0KNVpECApW95-Sy6ywCKvC8c6d7zSYaspAtkVHi8wXIIzcC:1qzu9y:6gk62ittkmoLoWsYFEVYEnsXzYu5DNAppv5f5LpU8NA','2023-11-20 07:36:34.844782');
INSERT INTO django_session VALUES('ymj52y50acn0zj9706ba5ox4pwxzwjn7','.eJxVjEEOwiAQRe_C2hDKAB1cuu8ZCDNQqRqalHZlvLtt0oVu33v_v0WI21rC1vISpiSuohOXX0aRn7keIj1ivc-S57ouE8kjkadtcphTft3O9u-gxFb29YgxgSXW2kGPo0KNVpECApW95-Sy6ywCKvC8c6d7zSYaspAtkVHi8wXIIzcC:1qzuAs:d4PX4_JoxapwImAkB6IioCZ0RSvMXsx9Ec7nnQ-W1lI','2023-11-20 07:37:30.181863');
INSERT INTO django_session VALUES('isk6qe6cn33vctmnycbfn6n6ka09jyjw','.eJxVjEEOwiAQRe_C2hDKAB1cuu8ZCDNQqRqalHZlvLtt0oVu33v_v0WI21rC1vISpiSuohOXX0aRn7keIj1ivc-S57ouE8kjkadtcphTft3O9u-gxFb29YgxgSXW2kGPo0KNVpECApW95-Sy6ywCKvC8c6d7zSYaspAtkVHi8wXIIzcC:1qzuAy:etSVnDANxj_tdFTBY6v3NHIRMmsaKPyoaLj5nwQruMI','2023-11-20 07:37:36.175734');
INSERT INTO django_session VALUES('8zvx5d7cpg7i7vzr63nxsyerni9zoaex','.eJxVjEEOwiAQRe_C2hDKAB1cuu8ZCDNQqRqalHZlvLtt0oVu33v_v0WI21rC1vISpiSuohOXX0aRn7keIj1ivc-S57ouE8kjkadtcphTft3O9u-gxFb29YgxgSXW2kGPo0KNVpECApW95-Sy6ywCKvC8c6d7zSYaspAtkVHi8wXIIzcC:1qzuC0:btScpFWuYISFOMgS2nyTrSaui8SyRKezgpir-95uvmY','2023-11-20 07:38:40.383025');
INSERT INTO django_session VALUES('kl548p51miippyz1s6384tomtyv41icw','.eJxVjEEOwiAQRe_C2hDKAB1cuu8ZCDNQqRqalHZlvLtt0oVu33v_v0WI21rC1vISpiSuohOXX0aRn7keIj1ivc-S57ouE8kjkadtcphTft3O9u-gxFb29YgxgSXW2kGPo0KNVpECApW95-Sy6ywCKvC8c6d7zSYaspAtkVHi8wXIIzcC:1qzuC0:btScpFWuYISFOMgS2nyTrSaui8SyRKezgpir-95uvmY','2023-11-20 07:38:40.900541');
INSERT INTO django_session VALUES('ixh811fjsg1wa5fymvlbjbnjjy8gn1z4','.eJxVjEEOwiAQRe_C2hDKAB1cuu8ZCDNQqRqalHZlvLtt0oVu33v_v0WI21rC1vISpiSuohOXX0aRn7keIj1ivc-S57ouE8kjkadtcphTft3O9u-gxFb29YgxgSXW2kGPo0KNVpECApW95-Sy6ywCKvC8c6d7zSYaspAtkVHi8wXIIzcC:1qzuD0:HnL5txyhVMUNHksy5oB-JZVbPGtWq2B5PJgwu5Aeefw','2023-11-20 07:39:42.130827');
INSERT INTO django_session VALUES('c5clbtrmrzn0w82qaw3y3m46ffqv1nkj','.eJxVjEEOwiAQRe_C2hDKAB1cuu8ZCDNQqRqalHZlvLtt0oVu33v_v0WI21rC1vISpiSuohOXX0aRn7keIj1ivc-S57ouE8kjkadtcphTft3O9u-gxFb29YgxgSXW2kGPo0KNVpECApW95-Sy6ywCKvC8c6d7zSYaspAtkVHi8wXIIzcC:1qzuNW:QFXCHryW7NqsdamHFOvA39bBJ9TOrdH70UDDdNfMeMM','2023-11-20 07:50:34.024632');
INSERT INTO django_session VALUES('tmi58cum45kue9faktxr6lm75c7k1l6u','.eJxVjEEOwiAQRe_C2hDKAB1cuu8ZCDNQqRqalHZlvLtt0oVu33v_v0WI21rC1vISpiSuohOXX0aRn7keIj1ivc-S57ouE8kjkadtcphTft3O9u-gxFb29YgxgSXW2kGPo0KNVpECApW95-Sy6ywCKvC8c6d7zSYaspAtkVHi8wXIIzcC:1qzuO9:WpL4Vu0oc4UVS2WJvyFt5GgQ9c5apDQuZiQcsRv2LsY','2023-11-20 07:51:13.680040');
INSERT INTO django_session VALUES('2zgxmhgcnuaqy6c4o4zpemwgyj6w4y5n','.eJxVjEEOwiAQRe_C2hDKAB1cuu8ZCDNQqRqalHZlvLtt0oVu33v_v0WI21rC1vISpiSuohOXX0aRn7keIj1ivc-S57ouE8kjkadtcphTft3O9u-gxFb29YgxgSXW2kGPo0KNVpECApW95-Sy6ywCKvC8c6d7zSYaspAtkVHi8wXIIzcC:1qzuOk:ZQstto7I_xdvt_52iD0Tg5EUsP5PoU88zlnuUn1BhLs','2023-11-20 07:51:50.097868');
INSERT INTO django_session VALUES('v8axwdg61obd5nmcj69d18aliuhfpgg8','.eJxVjEEOwiAQRe_C2hDKAB1cuu8ZCDNQqRqalHZlvLtt0oVu33v_v0WI21rC1vISpiSuohOXX0aRn7keIj1ivc-S57ouE8kjkadtcphTft3O9u-gxFb29YgxgSXW2kGPo0KNVpECApW95-Sy6ywCKvC8c6d7zSYaspAtkVHi8wXIIzcC:1qzuQ7:DfZkXHBZl6U0aIWdYaQp0Pr0cSjUEInvpD56K1Znr_o','2023-11-20 07:53:15.728966');
INSERT INTO django_session VALUES('ao4nm5q2houk8axhek6emxl1zhzm3oks','.eJxVjEEOwiAQRe_C2hDKAB1cuu8ZCDNQqRqalHZlvLtt0oVu33v_v0WI21rC1vISpiSuohOXX0aRn7keIj1ivc-S57ouE8kjkadtcphTft3O9u-gxFb29YgxgSXW2kGPo0KNVpECApW95-Sy6ywCKvC8c6d7zSYaspAtkVHi8wXIIzcC:1qzuSl:P_-3fzVX9BD5lYQs_0mrvNhXEqTZGKLYoHKQz5DlmLs','2023-11-20 07:55:59.522961');
INSERT INTO django_session VALUES('bzein7ajevqzyueyu5klj0igznj1phx5','.eJxVjEEOwiAQRe_C2hDKAB1cuu8ZCDNQqRqalHZlvLtt0oVu33v_v0WI21rC1vISpiSuohOXX0aRn7keIj1ivc-S57ouE8kjkadtcphTft3O9u-gxFb29YgxgSXW2kGPo0KNVpECApW95-Sy6ywCKvC8c6d7zSYaspAtkVHi8wXIIzcC:1qzucd:pfzSKAYmuV6cSyJj_MiAJbY1MFIXIMG17U6TGhd88hE','2023-11-20 08:06:11.127296');
INSERT INTO django_session VALUES('sis9uqjs1lj7w4rl0rj3wjqfc6zd595p','.eJxVjEEOwiAQRe_C2hDKAB1cuu8ZCDNQqRqalHZlvLtt0oVu33v_v0WI21rC1vISpiSuohOXX0aRn7keIj1ivc-S57ouE8kjkadtcphTft3O9u-gxFb29YgxgSXW2kGPo0KNVpECApW95-Sy6ywCKvC8c6d7zSYaspAtkVHi8wXIIzcC:1qzv4k:sRo4TdDjqsL7VQV4OGMyHzDcRVC3B7I7pj6nLJYybrM','2023-11-20 08:35:14.840598');
CREATE TABLE IF NOT EXISTS "order_service_menucategory" ("id" integer NOT NULL PRIMARY KEY AUTOINCREMENT, "name" varchar(50) NOT NULL UNIQUE, "image_url" varchar(200) NOT NULL, "disabled" bool NOT NULL);
INSERT INTO order_service_menucategory VALUES(1,'Restaurant Rewards','https://duyt4h9nfnj50.cloudfront.net/new_search_home_eats_icon/RestoRewards_BrowseHome@3x.png',0);
INSERT INTO order_service_menucategory VALUES(2,'Indian','https://duyt4h9nfnj50.cloudfront.net/new_search_home_eats_icon/Indian_BrowseHome@3x.png',0);
INSERT INTO order_service_menucategory VALUES(3,'Wings','https://duyt4h9nfnj50.cloudfront.net/new_search_home_eats_icon/Wings_BrowseHome@3x.png',0);
INSERT INTO order_service_menucategory VALUES(4,'Pizza','https://duyt4h9nfnj50.cloudfront.net/new_search_home_eats_icon/Pizza_BrowseHome@3x.png',0);
INSERT INTO order_service_menucategory VALUES(5,'Fast Food','https://duyt4h9nfnj50.cloudfront.net/new_search_home_eats_icon/FastFood_BrowseHome@3x.png',0);
INSERT INTO order_service_menucategory VALUES(6,'Latest Deals','https://duyt4h9nfnj50.cloudfront.net/new_search_home_eats_icon/Deals_BrowseHome@3x.png',0);
INSERT INTO order_service_menucategory VALUES(7,'Best Overall','https://duyt4h9nfnj50.cloudfront.net/new_search_home_eats_icon/TopEats_Browse%20Home@3x.png',0);
INSERT INTO order_service_menucategory VALUES(8,'Shipped Free','https://duyt4h9nfnj50.cloudfront.net/new_search_home_eats_icon/Placeholder_Plates@3x.png',0);
CREATE TABLE IF NOT EXISTS "django_celery_results_groupresult" ("id" integer NOT NULL PRIMARY KEY AUTOINCREMENT, "group_id" varchar(255) NOT NULL UNIQUE, "date_created" datetime NOT NULL, "date_done" datetime NOT NULL, "content_type" varchar(128) NOT NULL, "content_encoding" varchar(64) NOT NULL, "result" text NULL);
CREATE TABLE IF NOT EXISTS "django_celery_results_chordcounter" ("id" integer NOT NULL PRIMARY KEY AUTOINCREMENT, "sub_tasks" text NOT NULL, "count" integer unsigned NOT NULL CHECK ("count" >= 0), "group_id" varchar(255) NOT NULL UNIQUE);
CREATE TABLE IF NOT EXISTS "django_celery_results_taskresult" ("id" integer NOT NULL PRIMARY KEY AUTOINCREMENT, "task_id" varchar(255) NOT NULL UNIQUE, "status" varchar(50) NOT NULL, "content_type" varchar(128) NOT NULL, "content_encoding" varchar(64) NOT NULL, "result" text NULL, "date_done" datetime NOT NULL, "traceback" text NULL, "meta" text NULL, "task_args" text NULL, "task_kwargs" text NULL, "task_name" varchar(255) NULL, "date_created" datetime NOT NULL, "worker" varchar(100) NULL, "periodic_task_name" varchar(255) NULL);
INSERT INTO django_celery_results_taskresult VALUES(257,'1f66573c-8c73-4990-86f7-4e9c94455170','SUCCESS','application/json','utf-8','true','2023-11-05 17:58:28.064140',NULL,'{"children": []}',NULL,NULL,NULL,'2023-11-05 17:58:27.854656',NULL,NULL);
INSERT INTO django_celery_results_taskresult VALUES(258,'859af92f-5208-4194-b7f4-879229632d40','SUCCESS','application/json','utf-8','true','2023-11-05 18:05:53.342312',NULL,'{"children": []}',NULL,NULL,NULL,'2023-11-05 18:05:52.953485',NULL,NULL);
INSERT INTO django_celery_results_taskresult VALUES(259,'966f6004-b0af-49d5-975a-63479fe31661','SUCCESS','application/json','utf-8','true','2023-11-05 18:05:58.075652',NULL,'{"children": []}',NULL,NULL,NULL,'2023-11-05 18:05:57.876560',NULL,NULL);
INSERT INTO django_celery_results_taskresult VALUES(260,'adc76357-2093-455d-8f3e-e1ee0feebc2c','SUCCESS','application/json','utf-8','true','2023-11-05 18:05:59.517971',NULL,'{"children": []}',NULL,NULL,NULL,'2023-11-05 18:05:59.311476',NULL,NULL);
INSERT INTO django_celery_results_taskresult VALUES(261,'e0b9465c-5483-436c-a9dd-0c9a4939ca55','SUCCESS','application/json','utf-8','true','2023-11-05 18:15:08.666829',NULL,'{"children": []}',NULL,NULL,NULL,'2023-11-05 18:15:08.457430',NULL,NULL);
INSERT INTO django_celery_results_taskresult VALUES(262,'89df73c7-6fc0-4e27-88c7-2266b8435a5c','SUCCESS','application/json','utf-8','true','2023-11-05 18:15:09.864365',NULL,'{"children": []}',NULL,NULL,NULL,'2023-11-05 18:15:09.685142',NULL,NULL);
INSERT INTO django_celery_results_taskresult VALUES(263,'afbc32c2-9af4-4ddf-96b3-4673febaa7e4','SUCCESS','application/json','utf-8','true','2023-11-05 18:15:10.509919',NULL,'{"children": []}',NULL,NULL,NULL,'2023-11-05 18:15:10.279682',NULL,NULL);
INSERT INTO django_celery_results_taskresult VALUES(264,'6a1f3821-e30b-4fa7-be2e-88552fdb3fee','SUCCESS','application/json','utf-8','true','2023-11-05 18:35:03.591582',NULL,'{"children": []}',NULL,NULL,NULL,'2023-11-05 18:34:55.362896',NULL,NULL);
INSERT INTO django_celery_results_taskresult VALUES(265,'81fb7826-49b7-43ad-802b-4d872b0939ba','SUCCESS','application/json','utf-8','true','2023-11-05 18:35:27.913648',NULL,'{"children": []}',NULL,NULL,NULL,'2023-11-05 18:35:21.702582',NULL,NULL);
INSERT INTO django_celery_results_taskresult VALUES(266,'def50e4a-ded1-423e-b7aa-b394ef1a286e','SUCCESS','application/json','utf-8','true','2023-11-05 18:36:15.381121',NULL,'{"children": []}',NULL,NULL,NULL,'2023-11-05 18:36:08.158208',NULL,NULL);
INSERT INTO django_celery_results_taskresult VALUES(267,'9ba8fdcb-e43c-4db2-82da-9ec8e5f38eec','SUCCESS','application/json','utf-8','true','2023-11-05 18:37:01.211832',NULL,'{"children": [[["cb0d6ac0-0cd5-4bd6-9706-ec5558ddcb9a", null], null]]}',NULL,NULL,NULL,'2023-11-05 18:37:00.716662',NULL,NULL);
INSERT INTO django_celery_results_taskresult VALUES(268,'cb0d6ac0-0cd5-4bd6-9706-ec5558ddcb9a','SUCCESS','application/json','utf-8','null','2023-11-05 18:37:01.607832',NULL,'{"children": []}',NULL,NULL,NULL,'2023-11-05 18:37:01.409047',NULL,NULL);
INSERT INTO django_celery_results_taskresult VALUES(269,'f2f1e050-e106-4b73-af36-39ce6c603c6a','SUCCESS','application/json','utf-8','true','2023-11-05 18:37:02.319747',NULL,'{"children": [[["e9591988-fdf0-4968-94b1-632c804ece50", null], null]]}',NULL,NULL,NULL,'2023-11-05 18:37:01.855706',NULL,NULL);
INSERT INTO django_celery_results_taskresult VALUES(270,'e9591988-fdf0-4968-94b1-632c804ece50','SUCCESS','application/json','utf-8','null','2023-11-05 18:37:02.709599',NULL,'{"children": []}',NULL,NULL,NULL,'2023-11-05 18:37:02.506980',NULL,NULL);
INSERT INTO django_celery_results_taskresult VALUES(271,'f9c01a1d-f71c-464a-9a50-60976dfcf558','SUCCESS','application/json','utf-8','true','2023-11-05 18:37:18.772370',NULL,'{"children": []}',NULL,NULL,NULL,'2023-11-05 18:37:12.563555',NULL,NULL);
INSERT INTO django_celery_results_taskresult VALUES(272,'4d36876b-c071-48c1-8789-9f68ba7a2b3c','SUCCESS','application/json','utf-8','true','2023-11-05 18:38:47.678846',NULL,'{"children": []}',NULL,NULL,NULL,'2023-11-05 18:38:40.460600',NULL,NULL);
INSERT INTO django_celery_results_taskresult VALUES(273,'adbdaa85-101a-48d5-b122-202b237f450a','SUCCESS','application/json','utf-8','true','2023-11-05 18:40:06.183152',NULL,'{"children": [[["6676045c-7f1a-458a-bb40-652ea62353ce", null], null]]}',NULL,NULL,NULL,'2023-11-05 18:40:05.661891',NULL,NULL);
INSERT INTO django_celery_results_taskresult VALUES(274,'6676045c-7f1a-458a-bb40-652ea62353ce','SUCCESS','application/json','utf-8','null','2023-11-05 18:40:06.592699',NULL,'{"children": []}',NULL,NULL,NULL,'2023-11-05 18:40:06.385143',NULL,NULL);
INSERT INTO django_celery_results_taskresult VALUES(275,'0f013977-2d75-4717-bcb1-a47082eb0392','SUCCESS','application/json','utf-8','true','2023-11-05 18:40:07.246874',NULL,'{"children": [[["bbfa5f88-465a-4de9-8662-db7f5e9466ed", null], null]]}',NULL,NULL,NULL,'2023-11-05 18:40:05.664160',NULL,NULL);
INSERT INTO django_celery_results_taskresult VALUES(276,'bbfa5f88-465a-4de9-8662-db7f5e9466ed','SUCCESS','application/json','utf-8','null','2023-11-05 18:40:07.613246',NULL,'{"children": []}',NULL,NULL,NULL,'2023-11-05 18:40:07.431070',NULL,NULL);
INSERT INTO django_celery_results_taskresult VALUES(277,'fcf290d3-e77d-47f7-84b8-34673d5e32e4','SUCCESS','application/json','utf-8','true','2023-11-05 18:40:11.209710',NULL,'{"children": []}',NULL,NULL,NULL,'2023-11-05 18:40:11.008949',NULL,NULL);
INSERT INTO django_celery_results_taskresult VALUES(278,'d02556fe-2fa4-4a5b-9653-8b9fa6f0e162','SUCCESS','application/json','utf-8','true','2023-11-05 18:43:48.963512',NULL,'{"children": []}',NULL,NULL,NULL,'2023-11-05 18:43:48.720134',NULL,NULL);
INSERT INTO django_celery_results_taskresult VALUES(279,'e8b49b51-d2db-46fb-b158-7b6bec0f1fb9','FAILURE','application/json','utf-8','{"exc_type": "TypeError", "exc_message": ["unsupported operand type(s) for -: ''bytes'' and ''int''"], "exc_module": "builtins"}','2023-11-05 18:44:12.333203',NULL,'{"children": []}',NULL,NULL,NULL,'2023-11-05 18:44:12.045905',NULL,NULL);
INSERT INTO django_celery_results_taskresult VALUES(280,'d40f6c15-b470-4558-97c1-eae7634db373','FAILURE','application/json','utf-8','{"exc_type": "TypeError", "exc_message": ["unsupported operand type(s) for -: ''bytes'' and ''int''"], "exc_module": "builtins"}','2023-11-05 18:44:49.635558',NULL,'{"children": []}',NULL,NULL,NULL,'2023-11-05 18:44:49.383825',NULL,NULL);
INSERT INTO django_celery_results_taskresult VALUES(281,'71aa6a45-76d2-47dc-a942-fbbb433afdae','SUCCESS','application/json','utf-8','true','2023-11-05 18:45:06.819881',NULL,'{"children": []}',NULL,NULL,NULL,'2023-11-05 18:45:06.558604',NULL,NULL);
INSERT INTO django_celery_results_taskresult VALUES(282,'c2d006ea-8594-4c8b-88d1-f43c6de56e47','SUCCESS','application/json','utf-8','true','2023-11-05 18:50:11.300160',NULL,'{"children": []}',NULL,NULL,NULL,'2023-11-05 18:50:11.046746',NULL,NULL);
INSERT INTO django_celery_results_taskresult VALUES(283,'1626136e-b275-4b3a-b16e-fc2c40508026','SUCCESS','application/json','utf-8','true','2023-11-05 18:51:02.173703',NULL,'{"children": [[["3818f9e4-a504-40cf-8bd6-03f5b204ddb1", null], null]]}',NULL,NULL,NULL,'2023-11-05 18:51:01.720712',NULL,NULL);
INSERT INTO django_celery_results_taskresult VALUES(284,'d62e7dc5-2769-4c99-a4bc-bb772f363984','SUCCESS','application/json','utf-8','true','2023-11-05 18:51:03.066122',NULL,'{"children": [[["b40f1bf8-6932-495c-b7f3-348fd78e8210", null], null]]}',NULL,NULL,NULL,'2023-11-05 18:51:02.171249',NULL,NULL);
INSERT INTO django_celery_results_taskresult VALUES(285,'386dff9c-6dbd-41fe-a193-489c39312b9b','SUCCESS','application/json','utf-8','true','2023-11-05 18:51:04.203101',NULL,'{"children": [[["d434eb4d-ec1f-435a-83f8-77db709868c6", null], null]]}',NULL,NULL,NULL,'2023-11-05 18:51:02.174069',NULL,NULL);
INSERT INTO django_celery_results_taskresult VALUES(286,'d434eb4d-ec1f-435a-83f8-77db709868c6','SUCCESS','application/json','utf-8','null','2023-11-05 18:51:03.478349',NULL,'{"children": []}',NULL,NULL,NULL,'2023-11-05 18:51:03.271388',NULL,NULL);
INSERT INTO django_celery_results_taskresult VALUES(287,'b40f1bf8-6932-495c-b7f3-348fd78e8210','SUCCESS','application/json','utf-8','null','2023-11-05 18:51:03.894281',NULL,'{"children": []}',NULL,NULL,NULL,'2023-11-05 18:51:03.687360',NULL,NULL);
INSERT INTO django_celery_results_taskresult VALUES(288,'3818f9e4-a504-40cf-8bd6-03f5b204ddb1','SUCCESS','application/json','utf-8','null','2023-11-05 18:51:04.926328',NULL,'{"children": []}',NULL,NULL,NULL,'2023-11-05 18:51:04.723354',NULL,NULL);
INSERT INTO django_celery_results_taskresult VALUES(289,'e94edef0-3ada-4ef3-b3e7-3bf0fb7aeb70','SUCCESS','application/json','utf-8','true','2023-11-05 18:51:13.250347',NULL,'{"children": []}',NULL,NULL,NULL,'2023-11-05 18:51:12.987918',NULL,NULL);
INSERT INTO django_celery_results_taskresult VALUES(290,'00bc5484-26e6-4f41-8c1e-dffedcea5868','SUCCESS','application/json','utf-8','true','2023-11-05 18:51:31.945015',NULL,'{"children": []}',NULL,NULL,NULL,'2023-11-05 18:51:31.650741',NULL,NULL);
INSERT INTO django_celery_results_taskresult VALUES(291,'35364f13-f1b0-43f4-88a2-9a3536147495','SUCCESS','application/json','utf-8','true','2023-11-05 18:51:36.686976',NULL,'{"children": []}',NULL,NULL,NULL,'2023-11-05 18:51:36.419009',NULL,NULL);
INSERT INTO django_celery_results_taskresult VALUES(292,'d3f1d167-357f-40b5-83f3-c075e39c91f5','SUCCESS','application/json','utf-8','true','2023-11-05 18:51:41.238159',NULL,'{"children": []}',NULL,NULL,NULL,'2023-11-05 18:51:41.027159',NULL,NULL);
INSERT INTO django_celery_results_taskresult VALUES(293,'43f40710-4467-4c68-b6eb-6c1232a14641','SUCCESS','application/json','utf-8','true','2023-11-05 18:51:43.987776',NULL,'{"children": []}',NULL,NULL,NULL,'2023-11-05 18:51:43.729058',NULL,NULL);
INSERT INTO django_celery_results_taskresult VALUES(294,'ea268f59-f9f4-40fc-91d6-d2ea23c8422d','SUCCESS','application/json','utf-8','true','2023-11-05 18:53:57.636965',NULL,'{"children": [[["a57a329b-0d9b-4bdb-bf85-cb144ada889a", null], null]]}',NULL,NULL,NULL,'2023-11-05 18:53:57.134630',NULL,NULL);
INSERT INTO django_celery_results_taskresult VALUES(295,'6e94ffb7-8ed1-40c0-9400-bec01a9ad848','SUCCESS','application/json','utf-8','true','2023-11-05 18:53:58.297092',NULL,'{"children": [[["0c11c87b-33e8-4faf-bca2-fdce6ac4417c", null], null]]}',NULL,NULL,NULL,'2023-11-05 18:53:57.134631',NULL,NULL);
INSERT INTO django_celery_results_taskresult VALUES(296,'0c11c87b-33e8-4faf-bca2-fdce6ac4417c','SUCCESS','application/json','utf-8','null','2023-11-05 18:53:58.773864',NULL,'{"children": []}',NULL,NULL,NULL,'2023-11-05 18:53:58.532229',NULL,NULL);
INSERT INTO django_celery_results_taskresult VALUES(297,'a198a1ea-5d9e-48a6-a0f4-fc83253b6fb8','SUCCESS','application/json','utf-8','true','2023-11-05 18:53:59.498198',NULL,'{"children": [[["24165954-ef9c-4db3-979a-901618f78943", null], null]]}',NULL,NULL,NULL,'2023-11-05 18:53:59.074325',NULL,NULL);
INSERT INTO django_celery_results_taskresult VALUES(298,'24165954-ef9c-4db3-979a-901618f78943','SUCCESS','application/json','utf-8','null','2023-11-05 18:53:59.941006',NULL,'{"children": []}',NULL,NULL,NULL,'2023-11-05 18:53:59.734527',NULL,NULL);
INSERT INTO django_celery_results_taskresult VALUES(299,'a57a329b-0d9b-4bdb-bf85-cb144ada889a','SUCCESS','application/json','utf-8','null','2023-11-05 18:54:00.383325',NULL,'{"children": []}',NULL,NULL,NULL,'2023-11-05 18:54:00.181064',NULL,NULL);
INSERT INTO django_celery_results_taskresult VALUES(300,'437f0f11-6a4e-4490-a047-3999fdd6d299','SUCCESS','application/json','utf-8','true','2023-11-05 18:54:07.471120',NULL,'{"children": []}',NULL,NULL,NULL,'2023-11-05 18:54:07.255958',NULL,NULL);
INSERT INTO django_celery_results_taskresult VALUES(301,'e7c9d735-78df-4ed9-b08c-6032492f097a','SUCCESS','application/json','utf-8','true','2023-11-05 18:54:20.389666',NULL,'{"children": []}',NULL,NULL,NULL,'2023-11-05 18:54:20.177487',NULL,NULL);
INSERT INTO django_celery_results_taskresult VALUES(302,'ce12b930-cbcc-49e8-8b2b-bcfaf953b130','SUCCESS','application/json','utf-8','true','2023-11-05 18:54:22.840377',NULL,'{"children": []}',NULL,NULL,NULL,'2023-11-05 18:54:22.609120',NULL,NULL);
INSERT INTO django_celery_results_taskresult VALUES(303,'b4dab076-ffb4-4283-b56b-eb9b6fddcad7','SUCCESS','application/json','utf-8','true','2023-11-05 18:55:40.323467',NULL,'{"children": [[["bf5a812a-a2f3-48be-85e2-7ff46d322781", null], null]]}',NULL,NULL,NULL,'2023-11-05 18:55:39.839218',NULL,NULL);
INSERT INTO django_celery_results_taskresult VALUES(304,'bf5a812a-a2f3-48be-85e2-7ff46d322781','SUCCESS','application/json','utf-8','null','2023-11-05 18:55:40.709572',NULL,'{"children": []}',NULL,NULL,NULL,'2023-11-05 18:55:40.507246',NULL,NULL);
INSERT INTO django_celery_results_taskresult VALUES(305,'4ebcceb9-c7c7-4b2b-8aac-f79843ada21b','SUCCESS','application/json','utf-8','true','2023-11-05 18:55:41.945650',NULL,'{"children": [[["c9ebf3f3-4f68-47fe-a2c9-1508276924a5", null], null]]}',NULL,NULL,NULL,'2023-11-05 18:55:40.977184',NULL,NULL);
INSERT INTO django_celery_results_taskresult VALUES(306,'77a824ba-20fd-472e-8602-983ba31caae5','SUCCESS','application/json','utf-8','true','2023-11-05 18:55:41.945463',NULL,'{"children": [[["53256e8e-771e-45f9-83c3-fbdbb0d59f5f", null], null]]}',NULL,NULL,NULL,'2023-11-05 18:55:40.980060',NULL,NULL);
INSERT INTO django_celery_results_taskresult VALUES(307,'c9ebf3f3-4f68-47fe-a2c9-1508276924a5','SUCCESS','application/json','utf-8','null','2023-11-05 18:55:42.584452',NULL,'{"children": []}',NULL,NULL,NULL,'2023-11-05 18:55:42.379454',NULL,NULL);
INSERT INTO django_celery_results_taskresult VALUES(308,'53256e8e-771e-45f9-83c3-fbdbb0d59f5f','SUCCESS','application/json','utf-8','null','2023-11-05 18:55:43.009982',NULL,'{"children": []}',NULL,NULL,NULL,'2023-11-05 18:55:42.379633',NULL,NULL);
INSERT INTO django_celery_results_taskresult VALUES(309,'a3809417-8a1d-4e08-a1fb-6937a28b45ef','SUCCESS','application/json','utf-8','true','2023-11-05 18:55:51.456428',NULL,'{"children": []}',NULL,NULL,NULL,'2023-11-05 18:55:51.244291',NULL,NULL);
INSERT INTO django_celery_results_taskresult VALUES(310,'f79e58fe-b2e5-4fb2-a47f-e5c64ae2491d','SUCCESS','application/json','utf-8','true','2023-11-05 18:55:54.315568',NULL,'{"children": []}',NULL,NULL,NULL,'2023-11-05 18:55:54.103165',NULL,NULL);
INSERT INTO django_celery_results_taskresult VALUES(311,'cc0befd6-3bbc-46c9-bbdf-63c413a4a741','SUCCESS','application/json','utf-8','true','2023-11-05 18:55:55.715658',NULL,'{"children": []}',NULL,NULL,NULL,'2023-11-05 18:55:55.498460',NULL,NULL);
INSERT INTO django_celery_results_taskresult VALUES(312,'0976dfb4-27fe-444f-b7e8-8c4eed2445e3','SUCCESS','application/json','utf-8','true','2023-11-05 18:57:39.884644',NULL,'{"children": [[["48bbe88e-e1bc-4488-86d6-d7db9a14ba3e", null], null]]}',NULL,NULL,NULL,'2023-11-05 18:57:38.410711',NULL,NULL);
INSERT INTO django_celery_results_taskresult VALUES(313,'56cb9402-1f5b-4a80-a707-c74041deb3f1','SUCCESS','application/json','utf-8','true','2023-11-05 18:57:39.281919',NULL,'{"children": [[["20337c22-2d23-4fb8-9c80-6c1ad5a4c79a", null], null]]}',NULL,NULL,NULL,'2023-11-05 18:57:38.848572',NULL,NULL);
INSERT INTO django_celery_results_taskresult VALUES(314,'9e56b4f6-07bd-4d27-a12f-9ce19f2cb1cd','SUCCESS','application/json','utf-8','true','2023-11-05 18:57:39.704888',NULL,'{"children": [[["282cae68-e862-4682-b81d-8cf8e1931da6", null], null]]}',NULL,NULL,NULL,'2023-11-05 18:57:38.849985',NULL,NULL);
INSERT INTO django_celery_results_taskresult VALUES(315,'48bbe88e-e1bc-4488-86d6-d7db9a14ba3e','SUCCESS','application/json','utf-8','null','2023-11-05 18:57:40.273386',NULL,'{"children": []}',NULL,NULL,NULL,'2023-11-05 18:57:40.067748',NULL,NULL);
INSERT INTO django_celery_results_taskresult VALUES(316,'282cae68-e862-4682-b81d-8cf8e1931da6','SUCCESS','application/json','utf-8','null','2023-11-05 18:57:40.698479',NULL,'{"children": []}',NULL,NULL,NULL,'2023-11-05 18:57:40.068763',NULL,NULL);
INSERT INTO django_celery_results_taskresult VALUES(317,'20337c22-2d23-4fb8-9c80-6c1ad5a4c79a','SUCCESS','application/json','utf-8','null','2023-11-05 18:57:41.446127',NULL,'{"children": []}',NULL,NULL,NULL,'2023-11-05 18:57:41.247320',NULL,NULL);
INSERT INTO django_celery_results_taskresult VALUES(318,'12d3ae2a-f1ae-4501-95b1-de81d865aa6f','SUCCESS','application/json','utf-8','true','2023-11-05 20:10:25.542987',NULL,'{"children": []}',NULL,NULL,NULL,'2023-11-05 20:10:25.330757',NULL,NULL);
INSERT INTO django_celery_results_taskresult VALUES(319,'8e57064f-fd25-4d3a-9c5f-a8d2866a2b8d','SUCCESS','application/json','utf-8','true','2023-11-05 20:14:18.421281',NULL,'{"children": []}',NULL,NULL,NULL,'2023-11-05 20:14:18.209875',NULL,NULL);
INSERT INTO django_celery_results_taskresult VALUES(320,'69da5bfd-8f25-4b18-ad2b-c8f266a4f594','SUCCESS','application/json','utf-8','true','2023-11-05 20:14:27.866126',NULL,'{"children": []}',NULL,NULL,NULL,'2023-11-05 20:14:27.659071',NULL,NULL);
INSERT INTO django_celery_results_taskresult VALUES(321,'f2136ea4-9cc1-4c22-9d30-5c597b534849','SUCCESS','application/json','utf-8','true','2023-11-05 20:19:26.917871',NULL,'{"children": [[["d81e1093-ac15-41fb-b8de-0da5e06be2a7", null], null]]}',NULL,NULL,NULL,'2023-11-05 20:19:26.478688',NULL,NULL);
INSERT INTO django_celery_results_taskresult VALUES(322,'c08de716-94ad-40b6-a8e1-67fc7c459bb1','SUCCESS','application/json','utf-8','true','2023-11-05 20:19:29.587062',NULL,'{"children": [[["6c78253c-6018-49d9-86ef-1f2f0bfc5a9f", null], null]]}',NULL,NULL,NULL,'2023-11-05 20:19:26.917469',NULL,NULL);
INSERT INTO django_celery_results_taskresult VALUES(323,'9f0d13ac-ba83-468b-add5-379a8e8c2a2a','SUCCESS','application/json','utf-8','true','2023-11-05 20:19:27.776315',NULL,'{"children": [[["371edd17-849b-4844-9b69-aa109a25e977", null], null]]}',NULL,NULL,NULL,'2023-11-05 20:19:26.917755',NULL,NULL);
INSERT INTO django_celery_results_taskresult VALUES(324,'371edd17-849b-4844-9b69-aa109a25e977','SUCCESS','application/json','utf-8','null','2023-11-05 20:19:28.206259',NULL,'{"children": []}',NULL,NULL,NULL,'2023-11-05 20:19:27.961920',NULL,NULL);
INSERT INTO django_celery_results_taskresult VALUES(325,'d81e1093-ac15-41fb-b8de-0da5e06be2a7','SUCCESS','application/json','utf-8','null','2023-11-05 20:19:28.879710',NULL,'{"children": []}',NULL,NULL,NULL,'2023-11-05 20:19:28.655302',NULL,NULL);
INSERT INTO django_celery_results_taskresult VALUES(326,'6c78253c-6018-49d9-86ef-1f2f0bfc5a9f','SUCCESS','application/json','utf-8','null','2023-11-05 20:19:29.330925',NULL,'{"children": []}',NULL,NULL,NULL,'2023-11-05 20:19:29.094935',NULL,NULL);
INSERT INTO django_celery_results_taskresult VALUES(327,'906bb9dd-5180-419f-8dc2-319f015829be','FAILURE','application/json','utf-8','{"exc_type": "TypeError", "exc_message": ["can''t concat int to bytes"], "exc_module": "builtins"}','2023-11-05 20:19:52.774630',NULL,'{"children": []}',NULL,NULL,NULL,'2023-11-05 20:19:52.528333',NULL,NULL);
INSERT INTO django_celery_results_taskresult VALUES(328,'062fc5a2-dc00-4a83-8ed7-6e3c6a3f634d','FAILURE','application/json','utf-8','{"exc_type": "TypeError", "exc_message": ["can''t concat int to bytes"], "exc_module": "builtins"}','2023-11-05 20:19:54.672547',NULL,'{"children": []}',NULL,NULL,NULL,'2023-11-05 20:19:54.437916',NULL,NULL);
INSERT INTO django_celery_results_taskresult VALUES(329,'4018ca2a-bc88-4262-b2ff-b360ba3bf49e','FAILURE','application/json','utf-8','{"exc_type": "TypeError", "exc_message": ["can''t concat int to bytes"], "exc_module": "builtins"}','2023-11-05 20:21:00.168649',NULL,'{"children": []}',NULL,NULL,NULL,'2023-11-05 20:20:59.926920',NULL,NULL);
INSERT INTO django_celery_results_taskresult VALUES(330,'eb7a7af7-f873-465a-afd4-3692818199e0','FAILURE','application/json','utf-8','{"exc_type": "TypeError", "exc_message": ["can''t concat int to bytes"], "exc_module": "builtins"}','2023-11-05 20:21:48.291039',NULL,'{"children": []}',NULL,NULL,NULL,'2023-11-05 20:21:47.996629',NULL,NULL);
INSERT INTO django_celery_results_taskresult VALUES(331,'fa8f691d-6c71-4bff-aad5-73b8f305f3ff','FAILURE','application/json','utf-8','{"exc_type": "TypeError", "exc_message": ["can''t concat int to bytes"], "exc_module": "builtins"}','2023-11-05 20:22:51.621425',NULL,'{"children": []}',NULL,NULL,NULL,'2023-11-05 20:22:51.384488',NULL,NULL);
INSERT INTO django_celery_results_taskresult VALUES(332,'28402e69-e323-4451-ae92-e04db0ea7e6b','SUCCESS','application/json','utf-8','true','2023-11-05 20:23:04.446351',NULL,'{"children": []}',NULL,NULL,NULL,'2023-11-05 20:23:04.140123',NULL,NULL);
INSERT INTO django_celery_results_taskresult VALUES(333,'9627c10b-d698-4f93-ad17-61ad397eeebc','SUCCESS','application/json','utf-8','true','2023-11-05 20:23:13.726022',NULL,'{"children": []}',NULL,NULL,NULL,'2023-11-05 20:23:13.494980',NULL,NULL);
INSERT INTO django_celery_results_taskresult VALUES(334,'430c461f-19e6-455d-b630-e1a4828a5bf3','SUCCESS','application/json','utf-8','true','2023-11-05 20:23:18.076744',NULL,'{"children": []}',NULL,NULL,NULL,'2023-11-05 20:23:17.846235',NULL,NULL);
INSERT INTO django_celery_results_taskresult VALUES(335,'f46d74da-d27c-4347-8805-e9c6363621f6','SUCCESS','application/json','utf-8','true','2023-11-05 20:23:20.060252',NULL,'{"children": []}',NULL,NULL,NULL,'2023-11-05 20:23:19.834235',NULL,NULL);
INSERT INTO django_celery_results_taskresult VALUES(336,'2e5cba3c-624a-459a-8aa6-fefe27846c79','FAILURE','application/json','utf-8','{"exc_type": "AttributeError", "exc_message": ["''CustomRedisCache'' object has no attribute ''hset''"], "exc_module": "builtins"}','2023-11-05 20:26:11.102419',NULL,'{"children": []}',NULL,NULL,NULL,'2023-11-05 20:26:10.615074',NULL,NULL);
INSERT INTO django_celery_results_taskresult VALUES(337,'72c76733-b0da-4c1f-a1d5-f73d0abc572d','FAILURE','application/json','utf-8','{"exc_type": "AttributeError", "exc_message": ["''CustomRedisCache'' object has no attribute ''hset''"], "exc_module": "builtins"}','2023-11-05 20:26:11.799130',NULL,'{"children": []}',NULL,NULL,NULL,'2023-11-05 20:26:11.103999',NULL,NULL);
INSERT INTO django_celery_results_taskresult VALUES(338,'f9ca967f-d41d-4369-8eb1-59d42a67b54f','FAILURE','application/json','utf-8','{"exc_type": "AttributeError", "exc_message": ["''CustomRedisCache'' object has no attribute ''hset''"], "exc_module": "builtins"}','2023-11-05 20:27:04.125509',NULL,'{"children": []}',NULL,NULL,NULL,'2023-11-05 20:27:03.610345',NULL,NULL);
INSERT INTO django_celery_results_taskresult VALUES(339,'50a6eb7c-ce30-4a6f-b7a6-e8549912b8ee','FAILURE','application/json','utf-8','{"exc_type": "AttributeError", "exc_message": ["''CustomRedisCache'' object has no attribute ''hset''"], "exc_module": "builtins"}','2023-11-05 20:27:04.791433',NULL,'{"children": []}',NULL,NULL,NULL,'2023-11-05 20:27:04.348434',NULL,NULL);
INSERT INTO django_celery_results_taskresult VALUES(340,'eac6db14-4953-4a54-8710-b5ab41644e9d','FAILURE','application/json','utf-8','{"exc_type": "AttributeError", "exc_message": ["''CustomRedisCache'' object has no attribute ''hset''"], "exc_module": "builtins"}','2023-11-05 20:28:18.784600',NULL,'{"children": []}',NULL,NULL,NULL,'2023-11-05 20:28:18.346431',NULL,NULL);
INSERT INTO django_celery_results_taskresult VALUES(341,'d9fe1f91-e0ca-4566-8308-c2303afee549','FAILURE','application/json','utf-8','{"exc_type": "AttributeError", "exc_message": ["''CustomRedisCache'' object has no attribute ''hset''"], "exc_module": "builtins"}','2023-11-05 20:28:19.210088',NULL,'{"children": []}',NULL,NULL,NULL,'2023-11-05 20:28:18.783124',NULL,NULL);
INSERT INTO django_celery_results_taskresult VALUES(342,'c7ad3f24-89c1-4b27-98bd-34c2a07052b4','SUCCESS','application/json','utf-8','true','2023-11-05 20:28:42.920839',NULL,'{"children": [[["94a06341-0261-4126-95cd-0789c0a1cadd", null], null]]}',NULL,NULL,NULL,'2023-11-05 20:28:42.289339',NULL,NULL);
INSERT INTO django_celery_results_taskresult VALUES(343,'57edbc5a-81bb-49c9-b6db-44c2528cd5ae','SUCCESS','application/json','utf-8','true','2023-11-05 20:28:44.039367',NULL,'{"children": [[["48a183a7-7e1b-4ae4-b7ef-9630ab264348", null], null]]}',NULL,NULL,NULL,'2023-11-05 20:28:43.134927',NULL,NULL);
INSERT INTO django_celery_results_taskresult VALUES(344,'94a06341-0261-4126-95cd-0789c0a1cadd','SUCCESS','application/json','utf-8','null','2023-11-05 20:28:43.803403',NULL,'{"children": []}',NULL,NULL,NULL,'2023-11-05 20:28:43.571277',NULL,NULL);
INSERT INTO django_celery_results_taskresult VALUES(345,'48a183a7-7e1b-4ae4-b7ef-9630ab264348','SUCCESS','application/json','utf-8','null','2023-11-05 20:28:44.474156',NULL,'{"children": []}',NULL,NULL,NULL,'2023-11-05 20:28:44.244972',NULL,NULL);
INSERT INTO django_celery_results_taskresult VALUES(346,'3d30427c-99b4-4110-8e34-f9bcb27a47dc','FAILURE','application/json','utf-8','{"exc_type": "TypeError", "exc_message": ["int() argument must be a string, a bytes-like object or a real number, not ''Pipeline''"], "exc_module": "builtins"}','2023-11-05 20:28:50.431607',NULL,'{"children": []}',NULL,NULL,NULL,'2023-11-05 20:28:50.161917',NULL,NULL);
INSERT INTO django_celery_results_taskresult VALUES(347,'f1679119-c72b-44f6-984a-559477b7b66f','FAILURE','application/json','utf-8','{"exc_type": "TypeError", "exc_message": ["int() argument must be a string, a bytes-like object or a real number, not ''Pipeline''"], "exc_module": "builtins"}','2023-11-05 20:29:51.137062',NULL,'{"children": []}',NULL,NULL,NULL,'2023-11-05 20:29:50.907409',NULL,NULL);
INSERT INTO django_celery_results_taskresult VALUES(348,'552db0ec-5f3f-43b3-a958-6c385ae139c1','FAILURE','application/json','utf-8','{"exc_type": "TypeError", "exc_message": ["int() argument must be a string, a bytes-like object or a real number, not ''Pipeline''"], "exc_module": "builtins"}','2023-11-05 20:30:08.671890',NULL,'{"children": []}',NULL,NULL,NULL,'2023-11-05 20:30:08.421639',NULL,NULL);
INSERT INTO django_celery_results_taskresult VALUES(349,'3055342f-8e6e-4374-864b-1bcfecc8e273','FAILURE','application/json','utf-8','{"exc_type": "TypeError", "exc_message": ["int() argument must be a string, a bytes-like object or a real number, not ''NoneType''"], "exc_module": "builtins"}','2023-11-05 20:33:33.518226',NULL,'{"children": []}',NULL,NULL,NULL,'2023-11-05 20:33:33.190885',NULL,NULL);
INSERT INTO django_celery_results_taskresult VALUES(350,'6d072371-a490-4de6-b9eb-2a64e3100b7d','FAILURE','application/json','utf-8','{"exc_type": "TypeError", "exc_message": ["int() argument must be a string, a bytes-like object or a real number, not ''NoneType''"], "exc_module": "builtins"}','2023-11-05 20:34:47.030589',NULL,'{"children": []}',NULL,NULL,NULL,'2023-11-05 20:34:46.733169',NULL,NULL);
INSERT INTO django_celery_results_taskresult VALUES(351,'65304737-a90c-4da2-adb5-81c9ec0db146','FAILURE','application/json','utf-8','{"exc_type": "TypeError", "exc_message": ["int() argument must be a string, a bytes-like object or a real number, not ''NoneType''"], "exc_module": "builtins"}','2023-11-05 20:35:45.705745',NULL,'{"children": []}',NULL,NULL,NULL,'2023-11-05 20:35:45.427417',NULL,NULL);
INSERT INTO django_celery_results_taskresult VALUES(352,'6050aa60-ffe6-477e-9d90-5732d81fbef8','FAILURE','application/json','utf-8','{"exc_type": "TypeError", "exc_message": ["int() argument must be a string, a bytes-like object or a real number, not ''NoneType''"], "exc_module": "builtins"}','2023-11-05 20:36:31.691683',NULL,'{"children": []}',NULL,NULL,NULL,'2023-11-05 20:36:31.370166',NULL,NULL);
INSERT INTO django_celery_results_taskresult VALUES(353,'4d060748-8668-40b9-bf6c-75d887ae6c13','SUCCESS','application/json','utf-8','true','2023-11-05 20:37:06.940470',NULL,'{"children": []}',NULL,NULL,NULL,'2023-11-05 20:37:06.639392',NULL,NULL);
INSERT INTO django_celery_results_taskresult VALUES(354,'3afbc7fd-5287-4f9c-b118-c57c8bf44fc6','SUCCESS','application/json','utf-8','true','2023-11-05 20:37:19.395706',NULL,'{"children": []}',NULL,NULL,NULL,'2023-11-05 20:37:19.132529',NULL,NULL);
INSERT INTO django_celery_results_taskresult VALUES(355,'7840d30a-9ea4-4e18-bcf1-b1e4d1d5c08b','SUCCESS','application/json','utf-8','true','2023-11-05 20:40:48.145214',NULL,'{"children": [[["aed073e1-0c46-4262-9221-560984cf34a3", null], null]]}',NULL,NULL,NULL,'2023-11-05 20:40:47.655900',NULL,NULL);
INSERT INTO django_celery_results_taskresult VALUES(356,'aed073e1-0c46-4262-9221-560984cf34a3','SUCCESS','application/json','utf-8','null','2023-11-05 20:40:48.641696',NULL,'{"children": []}',NULL,NULL,NULL,'2023-11-05 20:40:48.393422',NULL,NULL);
INSERT INTO django_celery_results_taskresult VALUES(357,'ac1fb67c-28f1-4dad-b9bb-42750b1f083b','SUCCESS','application/json','utf-8','true','2023-11-05 20:40:50.374544',NULL,'{"children": [[["73d79b1b-2b65-4c43-8a7f-d4b2eaa9855c", null], null]]}',NULL,NULL,NULL,'2023-11-05 20:40:48.910591',NULL,NULL);
INSERT INTO django_celery_results_taskresult VALUES(358,'73d79b1b-2b65-4c43-8a7f-d4b2eaa9855c','SUCCESS','application/json','utf-8','null','2023-11-05 20:40:50.859142',NULL,'{"children": []}',NULL,NULL,NULL,'2023-11-05 20:40:50.611063',NULL,NULL);
INSERT INTO django_celery_results_taskresult VALUES(359,'aef0db9f-414f-4db3-9300-8bdadc7974b5','SUCCESS','application/json','utf-8','true','2023-11-05 20:41:13.083993',NULL,'{"children": []}',NULL,NULL,NULL,'2023-11-05 20:41:12.826361',NULL,NULL);
INSERT INTO django_celery_results_taskresult VALUES(360,'487bfbf6-a32e-4131-a362-8e444e75b2ac','SUCCESS','application/json','utf-8','true','2023-11-05 20:42:20.814278',NULL,'{"children": []}',NULL,NULL,NULL,'2023-11-05 20:42:20.486015',NULL,NULL);
INSERT INTO django_celery_results_taskresult VALUES(361,'33eed172-e17e-4583-b6da-fc965c4c0f0d','SUCCESS','application/json','utf-8','true','2023-11-05 20:55:25.166574',NULL,'{"children": [[["abb3f886-d22f-407d-b992-973d529c98cb", null], null]]}',NULL,NULL,NULL,'2023-11-05 20:55:24.664069',NULL,NULL);
INSERT INTO django_celery_results_taskresult VALUES(362,'5153cbcf-b3bd-4fcb-9a10-8f9a17ac8933','SUCCESS','application/json','utf-8','true','2023-11-05 20:55:25.856367',NULL,'{"children": [[["d08093d6-7ff1-49fd-90de-bd462dd288ac", null], null]]}',NULL,NULL,NULL,'2023-11-05 20:55:25.399175',NULL,NULL);
INSERT INTO django_celery_results_taskresult VALUES(363,'d08093d6-7ff1-49fd-90de-bd462dd288ac','SUCCESS','application/json','utf-8','null','2023-11-05 20:55:26.316742',NULL,'{"children": []}',NULL,NULL,NULL,'2023-11-05 20:55:26.091699',NULL,NULL);
INSERT INTO django_celery_results_taskresult VALUES(364,'abb3f886-d22f-407d-b992-973d529c98cb','SUCCESS','application/json','utf-8','null','2023-11-05 20:55:26.851304',NULL,'{"children": []}',NULL,NULL,NULL,'2023-11-05 20:55:25.400283',NULL,NULL);
INSERT INTO django_celery_results_taskresult VALUES(365,'20ac2fa5-ef6f-4f2e-b7b5-10e7bc1e0965','SUCCESS','application/json','utf-8','true','2023-11-05 20:57:20.891240',NULL,'{"children": []}',NULL,NULL,NULL,'2023-11-05 20:57:20.611212',NULL,NULL);
INSERT INTO django_celery_results_taskresult VALUES(366,'35600b02-b488-41e5-afdd-91206ae21932','SUCCESS','application/json','utf-8','true','2023-11-05 20:57:38.214856',NULL,'{"children": []}',NULL,NULL,NULL,'2023-11-05 20:57:37.976889',NULL,NULL);
INSERT INTO django_celery_results_taskresult VALUES(367,'76c07b53-8474-4db2-84cc-aca26d19a417','SUCCESS','application/json','utf-8','true','2023-11-05 21:00:32.249764',NULL,'{"children": [[["db933b66-956a-4501-87f9-c4a910cd67ec", null], null]]}',NULL,NULL,NULL,'2023-11-05 21:00:31.789494',NULL,NULL);
INSERT INTO django_celery_results_taskresult VALUES(368,'db933b66-956a-4501-87f9-c4a910cd67ec','SUCCESS','application/json','utf-8','null','2023-11-05 21:00:32.711129',NULL,'{"children": []}',NULL,NULL,NULL,'2023-11-05 21:00:32.485390',NULL,NULL);
INSERT INTO django_celery_results_taskresult VALUES(369,'221b1458-c27d-4ea7-b945-501192502238','SUCCESS','application/json','utf-8','true','2023-11-05 21:00:33.465484',NULL,'{"children": [[["43b01649-5170-4643-ba6a-832309732550", null], null]]}',NULL,NULL,NULL,'2023-11-05 21:00:33.025173',NULL,NULL);
INSERT INTO django_celery_results_taskresult VALUES(370,'43b01649-5170-4643-ba6a-832309732550','SUCCESS','application/json','utf-8','null','2023-11-05 21:00:33.927643',NULL,'{"children": []}',NULL,NULL,NULL,'2023-11-05 21:00:33.701206',NULL,NULL);
INSERT INTO django_celery_results_taskresult VALUES(371,'875e89f6-842c-461b-8a76-a197a3881bb2','SUCCESS','application/json','utf-8','true','2023-11-05 21:00:36.989565',NULL,'{"children": []}',NULL,NULL,NULL,'2023-11-05 21:00:36.752797',NULL,NULL);
INSERT INTO django_celery_results_taskresult VALUES(372,'b0c99bfd-9381-40ac-8440-42cfd959bf8f','SUCCESS','application/json','utf-8','true','2023-11-05 21:00:40.150607',NULL,'{"children": []}',NULL,NULL,NULL,'2023-11-05 21:00:39.927327',NULL,NULL);
INSERT INTO django_celery_results_taskresult VALUES(373,'f07cc409-9eb6-48e2-9109-a60e3fd85082','SUCCESS','application/json','utf-8','true','2023-11-05 21:01:21.666273',NULL,'{"children": [[["9ca3c635-324e-41bc-838b-6a3f984e47da", null], null]]}',NULL,NULL,NULL,'2023-11-05 21:01:21.220898',NULL,NULL);
INSERT INTO django_celery_results_taskresult VALUES(374,'9ca3c635-324e-41bc-838b-6a3f984e47da','SUCCESS','application/json','utf-8','null','2023-11-05 21:01:22.129740',NULL,'{"children": []}',NULL,NULL,NULL,'2023-11-05 21:01:21.903027',NULL,NULL);
INSERT INTO django_celery_results_taskresult VALUES(375,'b24a121a-cacb-4cac-97b0-d1c6b9ccfc9e','SUCCESS','application/json','utf-8','true','2023-11-05 21:01:27.816846',NULL,'{"children": []}',NULL,NULL,NULL,'2023-11-05 21:01:27.564099',NULL,NULL);
INSERT INTO django_celery_results_taskresult VALUES(376,'45160771-5862-4a1b-bbf8-d190af0ad652','SUCCESS','application/json','utf-8','true','2023-11-05 21:04:19.242715',NULL,'{"children": [[["07ed50a4-1a7d-4b87-b4d1-97b884231ae5", null], null]]}',NULL,NULL,NULL,'2023-11-05 21:04:18.809868',NULL,NULL);
INSERT INTO django_celery_results_taskresult VALUES(377,'dcc61033-3e2a-4faf-8675-741d8e52f824','SUCCESS','application/json','utf-8','true','2023-11-05 21:04:20.069751',NULL,'{"children": [[["6b1222d8-7263-44e0-94ef-d1a0b22ea889", null], null]]}',NULL,NULL,NULL,'2023-11-05 21:04:19.245193',NULL,NULL);
INSERT INTO django_celery_results_taskresult VALUES(378,'6b1222d8-7263-44e0-94ef-d1a0b22ea889','SUCCESS','application/json','utf-8','null','2023-11-05 21:04:20.679155',NULL,'{"children": []}',NULL,NULL,NULL,'2023-11-05 21:04:20.404257',NULL,NULL);
INSERT INTO django_celery_results_taskresult VALUES(379,'07ed50a4-1a7d-4b87-b4d1-97b884231ae5','SUCCESS','application/json','utf-8','null','2023-11-05 21:04:21.287866',NULL,'{"children": []}',NULL,NULL,NULL,'2023-11-05 21:04:21.009902',NULL,NULL);
INSERT INTO django_celery_results_taskresult VALUES(380,'abf06445-3d60-4a53-97e5-d68baa97e7ab','SUCCESS','application/json','utf-8','true','2023-11-05 21:04:24.043101',NULL,'{"children": []}',NULL,NULL,NULL,'2023-11-05 21:04:23.749449',NULL,NULL);
INSERT INTO django_celery_results_taskresult VALUES(381,'50df92e5-f91b-46f2-8e97-bee443549da9','SUCCESS','application/json','utf-8','true','2023-11-05 21:04:27.137162',NULL,'{"children": []}',NULL,NULL,NULL,'2023-11-05 21:04:26.848456',NULL,NULL);
INSERT INTO django_celery_results_taskresult VALUES(382,'ae393b32-23a5-4c9a-93c7-6d254e35b19d','SUCCESS','application/json','utf-8','true','2023-11-05 21:06:34.015057',NULL,'{"children": [[["677025a6-99b4-498b-bbf5-b0c737494aa6", null], null]]}',NULL,NULL,NULL,'2023-11-05 21:06:33.248539',NULL,NULL);
INSERT INTO django_celery_results_taskresult VALUES(383,'677025a6-99b4-498b-bbf5-b0c737494aa6','SUCCESS','application/json','utf-8','null','2023-11-05 21:06:34.663340',NULL,'{"children": []}',NULL,NULL,NULL,'2023-11-05 21:06:34.353019',NULL,NULL);
INSERT INTO django_celery_results_taskresult VALUES(384,'4ab21952-0714-48c4-af59-b1117791e16c','SUCCESS','application/json','utf-8','true','2023-11-05 21:06:35.475380',NULL,'{"children": [[["a5e731f1-276f-464f-936a-7cfd10fc40c4", null], null]]}',NULL,NULL,NULL,'2023-11-05 21:06:34.986708',NULL,NULL);
INSERT INTO django_celery_results_taskresult VALUES(385,'a5e731f1-276f-464f-936a-7cfd10fc40c4','SUCCESS','application/json','utf-8','null','2023-11-05 21:06:36.087429',NULL,'{"children": []}',NULL,NULL,NULL,'2023-11-05 21:06:35.811817',NULL,NULL);
INSERT INTO django_celery_results_taskresult VALUES(386,'737bd704-385e-43c5-9b1f-571d9a976375','SUCCESS','application/json','utf-8','true','2023-11-05 21:06:43.310717',NULL,'{"children": []}',NULL,NULL,NULL,'2023-11-05 21:06:43.046892',NULL,NULL);
INSERT INTO django_celery_results_taskresult VALUES(387,'681ae382-cc2b-4496-b621-0f5548c1800f','SUCCESS','application/json','utf-8','true','2023-11-05 21:09:17.350141',NULL,'{"children": [[["1b706dec-6049-44c0-a017-36e062d264e2", null], null]]}',NULL,NULL,NULL,'2023-11-05 21:09:16.839459',NULL,NULL);
INSERT INTO django_celery_results_taskresult VALUES(388,'97c688db-fa0f-4939-8cc3-3165ebd53568','SUCCESS','application/json','utf-8','true','2023-11-05 21:09:18.831580',NULL,'{"children": [[["c910dea9-e305-4a14-b821-751f93d75cad", null], null]]}',NULL,NULL,NULL,'2023-11-05 21:09:17.675871',NULL,NULL);
INSERT INTO django_celery_results_taskresult VALUES(389,'1b706dec-6049-44c0-a017-36e062d264e2','SUCCESS','application/json','utf-8','null','2023-11-05 21:09:18.552782',NULL,'{"children": []}',NULL,NULL,NULL,'2023-11-05 21:09:18.294455',NULL,NULL);
INSERT INTO django_celery_results_taskresult VALUES(390,'c910dea9-e305-4a14-b821-751f93d75cad','SUCCESS','application/json','utf-8','null','2023-11-05 21:09:19.337975',NULL,'{"children": []}',NULL,NULL,NULL,'2023-11-05 21:09:19.064943',NULL,NULL);
INSERT INTO django_celery_results_taskresult VALUES(391,'947a8574-cc89-4ea9-904a-2f060486e7af','SUCCESS','application/json','utf-8','true','2023-11-05 21:09:21.172233',NULL,'{"children": [[["d7a030b7-6a96-4956-b497-e656edb92704", null], null]]}',NULL,NULL,NULL,'2023-11-05 21:09:19.683166',NULL,NULL);
INSERT INTO django_celery_results_taskresult VALUES(392,'d7a030b7-6a96-4956-b497-e656edb92704','SUCCESS','application/json','utf-8','null','2023-11-05 21:09:21.763097',NULL,'{"children": []}',NULL,NULL,NULL,'2023-11-05 21:09:21.505307',NULL,NULL);
INSERT INTO django_celery_results_taskresult VALUES(393,'8a562f6e-d213-4006-82b8-9bb53edba0ed','SUCCESS','application/json','utf-8','true','2023-11-05 21:09:29.349671',NULL,'{"children": []}',NULL,NULL,NULL,'2023-11-05 21:09:29.067185',NULL,NULL);
INSERT INTO django_celery_results_taskresult VALUES(394,'5c3aa8e1-bfa0-4a22-83e3-e66d0a6648e7','SUCCESS','application/json','utf-8','true','2023-11-05 21:09:37.496586',NULL,'{"children": []}',NULL,NULL,NULL,'2023-11-05 21:09:37.230640',NULL,NULL);
INSERT INTO django_celery_results_taskresult VALUES(395,'1481ecef-d201-4721-a119-a6e4d063f2a1','SUCCESS','application/json','utf-8','true','2023-11-05 21:09:43.496188',NULL,'{"children": []}',NULL,NULL,NULL,'2023-11-05 21:09:43.224565',NULL,NULL);
INSERT INTO django_celery_results_taskresult VALUES(396,'f8c1efdd-1f3d-4fd8-a136-2e6932c69331','SUCCESS','application/json','utf-8','true','2023-11-05 21:09:45.904750',NULL,'{"children": []}',NULL,NULL,NULL,'2023-11-05 21:09:45.641882',NULL,NULL);
INSERT INTO django_celery_results_taskresult VALUES(397,'f66b9b74-459e-4c84-a1d7-77dc10d8bb34','SUCCESS','application/json','utf-8','true','2023-11-05 21:10:53.218907',NULL,'{"children": [[["c22aa0bc-bde4-4143-bbf1-88cb6035679e", null], null]]}',NULL,NULL,NULL,'2023-11-05 21:10:52.741997',NULL,NULL);
INSERT INTO django_celery_results_taskresult VALUES(398,'c22aa0bc-bde4-4143-bbf1-88cb6035679e','SUCCESS','application/json','utf-8','null','2023-11-05 21:10:53.699826',NULL,'{"children": []}',NULL,NULL,NULL,'2023-11-05 21:10:53.453991',NULL,NULL);
INSERT INTO django_celery_results_taskresult VALUES(399,'f8eaade0-d694-4b6e-b022-3841b7bfdf16','SUCCESS','application/json','utf-8','true','2023-11-05 21:10:54.470303',NULL,'{"children": [[["aaeb7338-18e3-4079-9726-0ecd5cc51306", null], null]]}',NULL,NULL,NULL,'2023-11-05 21:10:52.747457',NULL,NULL);
INSERT INTO django_celery_results_taskresult VALUES(400,'aaeb7338-18e3-4079-9726-0ecd5cc51306','SUCCESS','application/json','utf-8','null','2023-11-05 21:10:55.065801',NULL,'{"children": []}',NULL,NULL,NULL,'2023-11-05 21:10:54.805984',NULL,NULL);
INSERT INTO django_celery_results_taskresult VALUES(401,'c2775a27-2cd1-4e72-a128-75f09120eada','SUCCESS','application/json','utf-8','true','2023-11-05 21:11:23.949593',NULL,'{"children": []}',NULL,NULL,NULL,'2023-11-05 21:11:03.678442',NULL,NULL);
INSERT INTO django_celery_results_taskresult VALUES(402,'9ca58932-5632-4442-b504-9b74ea04ce29','SUCCESS','application/json','utf-8','true','2023-11-05 21:11:36.017145',NULL,'{"children": []}',NULL,NULL,NULL,'2023-11-05 21:11:05.721952',NULL,NULL);
INSERT INTO django_celery_results_taskresult VALUES(403,'045ae95e-0c54-4524-8a6e-456cb8d1bd85','SUCCESS','application/json','utf-8','true','2023-11-05 22:14:57.549158',NULL,'{"children": [[["fee8b398-eacf-49a1-b6aa-d92aeaf30f65", null], null]]}',NULL,NULL,NULL,'2023-11-05 22:14:57.072152',NULL,NULL);
INSERT INTO django_celery_results_taskresult VALUES(404,'fee8b398-eacf-49a1-b6aa-d92aeaf30f65','SUCCESS','application/json','utf-8','null','2023-11-05 22:14:58.086454',NULL,'{"children": []}',NULL,NULL,NULL,'2023-11-05 22:14:57.787648',NULL,NULL);
INSERT INTO django_celery_results_taskresult VALUES(405,'a19ce2c2-f521-428b-a252-9b5d8e265e97','SUCCESS','application/json','utf-8','true','2023-11-05 22:14:58.811974',NULL,'{"children": [[["abd74b16-1e08-43e4-9366-c44b1b2704cd", null], null]]}',NULL,NULL,NULL,'2023-11-05 22:14:57.073851',NULL,NULL);
INSERT INTO django_celery_results_taskresult VALUES(406,'abd74b16-1e08-43e4-9366-c44b1b2704cd','SUCCESS','application/json','utf-8','null','2023-11-05 22:14:59.294103',NULL,'{"children": []}',NULL,NULL,NULL,'2023-11-05 22:14:59.049811',NULL,NULL);
INSERT INTO django_celery_results_taskresult VALUES(407,'246b18d5-8ed5-47f4-a12d-9f79813b93af','SUCCESS','application/json','utf-8','true','2023-11-05 22:21:18.039244',NULL,'{"children": [[["78c7021b-3d08-42e2-aef1-07eccf8c3e3c", null], null]]}',NULL,NULL,NULL,'2023-11-05 22:21:17.545412',NULL,NULL);
INSERT INTO django_celery_results_taskresult VALUES(408,'78c7021b-3d08-42e2-aef1-07eccf8c3e3c','SUCCESS','application/json','utf-8','null','2023-11-05 22:21:18.618948',NULL,'{"children": []}',NULL,NULL,NULL,'2023-11-05 22:21:18.376139',NULL,NULL);
INSERT INTO django_celery_results_taskresult VALUES(409,'13917e9d-f8ca-4389-9c9d-ddb2cdf29fbc','SUCCESS','application/json','utf-8','true','2023-11-05 22:21:19.427561',NULL,'{"children": [[["bb448583-5a3d-4ee1-959f-b34f1ed205a0", null], null]]}',NULL,NULL,NULL,'2023-11-05 22:21:17.547932',NULL,NULL);
INSERT INTO django_celery_results_taskresult VALUES(410,'bb448583-5a3d-4ee1-959f-b34f1ed205a0','SUCCESS','application/json','utf-8','null','2023-11-05 22:21:19.910020',NULL,'{"children": []}',NULL,NULL,NULL,'2023-11-05 22:21:19.664998',NULL,NULL);
INSERT INTO django_celery_results_taskresult VALUES(411,'55b0bfaa-ff31-4489-86ae-825db853cb1d','SUCCESS','application/json','utf-8','true','2023-11-05 22:30:03.941972',NULL,'{"children": []}',NULL,NULL,NULL,'2023-11-05 22:29:43.657855',NULL,NULL);
INSERT INTO django_celery_results_taskresult VALUES(412,'cfd7ded1-f4b7-452b-afe0-4ea791b91208','SUCCESS','application/json','utf-8','true','2023-11-05 22:32:48.212452',NULL,'{"children": []}',NULL,NULL,NULL,'2023-11-05 22:31:57.862848',NULL,NULL);
INSERT INTO django_celery_results_taskresult VALUES(413,'ab2789b6-90c8-4e50-b43b-100c17bbf528','SUCCESS','application/json','utf-8','true','2023-11-05 22:33:51.426882',NULL,'{"children": []}',NULL,NULL,NULL,'2023-11-05 22:33:01.069700',NULL,NULL);
INSERT INTO django_celery_results_taskresult VALUES(414,'762d2562-5b24-463f-b94d-d6f062c3e262','SUCCESS','application/json','utf-8','true','2023-11-05 22:34:45.994821',NULL,'{"children": []}',NULL,NULL,NULL,'2023-11-05 22:34:05.734322',NULL,NULL);
INSERT INTO django_celery_results_taskresult VALUES(415,'ae1c5cdb-fbe9-4cf3-b7ec-269f31e0b618','SUCCESS','application/json','utf-8','true','2023-11-05 22:35:32.975329',NULL,'{"children": [[["6846829f-3760-43c3-9331-c6de131b0ae2", null], null]]}',NULL,NULL,NULL,'2023-11-05 22:35:32.449913',NULL,NULL);
INSERT INTO django_celery_results_taskresult VALUES(416,'6846829f-3760-43c3-9331-c6de131b0ae2','SUCCESS','application/json','utf-8','null','2023-11-05 22:35:33.497477',NULL,'{"children": []}',NULL,NULL,NULL,'2023-11-05 22:35:33.211263',NULL,NULL);
INSERT INTO django_celery_results_taskresult VALUES(417,'61f3aec5-6398-42fe-bac5-fb75c0b7512a','SUCCESS','application/json','utf-8','true','2023-11-05 22:35:34.294209',NULL,'{"children": [[["6e047587-717e-487e-9476-555e161bc232", null], null]]}',NULL,NULL,NULL,'2023-11-05 22:35:32.450679',NULL,NULL);
INSERT INTO django_celery_results_taskresult VALUES(418,'6e047587-717e-487e-9476-555e161bc232','SUCCESS','application/json','utf-8','null','2023-11-05 22:35:34.913850',NULL,'{"children": []}',NULL,NULL,NULL,'2023-11-05 22:35:34.631027',NULL,NULL);
INSERT INTO django_celery_results_taskresult VALUES(419,'f7c1383f-fde6-40d0-bfc6-4a121b3f75e2','SUCCESS','application/json','utf-8','true','2023-11-05 22:56:03.620510',NULL,'{"children": []}',NULL,NULL,NULL,'2023-11-05 22:55:53.375564',NULL,NULL);
INSERT INTO django_celery_results_taskresult VALUES(420,'3f82e80f-6b24-4c47-b6f3-27b351618bcc','SUCCESS','application/json','utf-8','true','2023-11-05 22:56:38.397064',NULL,'{"children": []}',NULL,NULL,NULL,'2023-11-05 22:55:58.141275',NULL,NULL);
INSERT INTO django_celery_results_taskresult VALUES(421,'a287d2ac-8057-4ab7-93c4-a450dd81c62b','FAILURE','application/json','utf-8','{"exc_type": "TypeError", "exc_message": ["int() argument must be a string, a bytes-like object or a real number, not ''NoneType''"], "exc_module": "builtins"}','2023-11-05 22:57:10.031571',NULL,'{"children": []}',NULL,NULL,NULL,'2023-11-05 22:56:19.779773',NULL,NULL);
INSERT INTO django_celery_results_taskresult VALUES(422,'90d3eb34-0bfa-4b23-9aee-31ca33ae70aa','SUCCESS','application/json','utf-8','true','2023-11-05 23:22:38.933206',NULL,'{"children": [[["ac848b0d-68e5-4ca8-945d-e9782577caf9", null], null]]}',NULL,NULL,NULL,'2023-11-05 23:22:38.442747',NULL,NULL);
INSERT INTO django_celery_results_taskresult VALUES(423,'ac848b0d-68e5-4ca8-945d-e9782577caf9','SUCCESS','application/json','utf-8','null','2023-11-05 23:22:39.502429',NULL,'{"children": []}',NULL,NULL,NULL,'2023-11-05 23:22:39.274186',NULL,NULL);
INSERT INTO django_celery_results_taskresult VALUES(424,'c21efe64-a9d2-4001-8c93-a8e272adb40e','SUCCESS','application/json','utf-8','true','2023-11-05 23:22:40.231660',NULL,'{"children": [[["0e08011d-2b34-41a2-9e75-b8ca11874a0a", null], null]]}',NULL,NULL,NULL,'2023-11-05 23:22:39.780886',NULL,NULL);
INSERT INTO django_celery_results_taskresult VALUES(425,'0e08011d-2b34-41a2-9e75-b8ca11874a0a','SUCCESS','application/json','utf-8','null','2023-11-05 23:22:40.852949',NULL,'{"children": []}',NULL,NULL,NULL,'2023-11-05 23:22:40.568660',NULL,NULL);
INSERT INTO django_celery_results_taskresult VALUES(426,'27bcfe24-d517-473d-9933-1a9f275cb617','SUCCESS','application/json','utf-8','true','2023-11-05 23:24:13.969250',NULL,'{"children": [[["4872980b-7f2e-43ab-ac85-7e312dfad9a7", null], null]]}',NULL,NULL,NULL,'2023-11-05 23:24:13.453264',NULL,NULL);
INSERT INTO django_celery_results_taskresult VALUES(427,'7b5bde95-76da-4781-bab3-03de92790aae','SUCCESS','application/json','utf-8','true','2023-11-05 23:24:14.734194',NULL,'{"children": [[["e7e3d40c-5351-4dd4-9845-8ee9ebdf50f2", null], null]]}',NULL,NULL,NULL,'2023-11-05 23:24:14.291645',NULL,NULL);
INSERT INTO django_celery_results_taskresult VALUES(428,'4872980b-7f2e-43ab-ac85-7e312dfad9a7','SUCCESS','application/json','utf-8','null','2023-11-05 23:24:15.257031',NULL,'{"children": []}',NULL,NULL,NULL,'2023-11-05 23:24:15.007478',NULL,NULL);
INSERT INTO django_celery_results_taskresult VALUES(429,'e7e3d40c-5351-4dd4-9845-8ee9ebdf50f2','SUCCESS','application/json','utf-8','null','2023-11-05 23:24:15.805348',NULL,'{"children": []}',NULL,NULL,NULL,'2023-11-05 23:24:15.570658',NULL,NULL);
INSERT INTO django_celery_results_taskresult VALUES(430,'e386bfdf-1e83-4aac-a458-3119de428ea5','SUCCESS','application/json','utf-8','true','2023-11-05 23:25:16.929076',NULL,'{"children": [[["1f601847-1af6-4f69-828c-819e1f8fe8e9", null], null]]}',NULL,NULL,NULL,'2023-11-05 23:25:16.414455',NULL,NULL);
INSERT INTO django_celery_results_taskresult VALUES(431,'945d34b6-525f-4db9-ac63-b8784a363411','SUCCESS','application/json','utf-8','true','2023-11-05 23:25:17.626961',NULL,'{"children": [[["fe10336e-d974-41c8-bbab-bdff5af2489a", null], null]]}',NULL,NULL,NULL,'2023-11-05 23:25:16.417320',NULL,NULL);
INSERT INTO django_celery_results_taskresult VALUES(432,'fe10336e-d974-41c8-bbab-bdff5af2489a','SUCCESS','application/json','utf-8','null','2023-11-05 23:25:18.143714',NULL,'{"children": []}',NULL,NULL,NULL,'2023-11-05 23:25:17.862325',NULL,NULL);
INSERT INTO django_celery_results_taskresult VALUES(433,'1f601847-1af6-4f69-828c-819e1f8fe8e9','SUCCESS','application/json','utf-8','null','2023-11-05 23:25:18.769784',NULL,'{"children": []}',NULL,NULL,NULL,'2023-11-05 23:25:18.482472',NULL,NULL);
INSERT INTO django_celery_results_taskresult VALUES(434,'4e6742ac-7dd7-46eb-8f92-8d37033bf80f','SUCCESS','application/json','utf-8','true','2023-11-05 23:28:52.527673',NULL,'{"children": [[["094eb50d-d8c6-4335-88d2-b549ea35101f", null], null]]}',NULL,NULL,NULL,'2023-11-05 23:28:52.002661',NULL,NULL);
INSERT INTO django_celery_results_taskresult VALUES(435,'094eb50d-d8c6-4335-88d2-b549ea35101f','SUCCESS','application/json','utf-8','null','2023-11-05 23:28:53.068910',NULL,'{"children": []}',NULL,NULL,NULL,'2023-11-05 23:28:52.765771',NULL,NULL);
INSERT INTO django_celery_results_taskresult VALUES(436,'b8780f3b-541f-4e2d-9e72-7891a5b82809','SUCCESS','application/json','utf-8','true','2023-11-05 23:28:54.001755',NULL,'{"children": [[["0da1e1f9-cf2e-44a7-9cb0-6ac5d7fa9ec6", null], null]]}',NULL,NULL,NULL,'2023-11-05 23:28:53.443617',NULL,NULL);
INSERT INTO django_celery_results_taskresult VALUES(437,'0da1e1f9-cf2e-44a7-9cb0-6ac5d7fa9ec6','SUCCESS','application/json','utf-8','null','2023-11-05 23:28:54.486462',NULL,'{"children": []}',NULL,NULL,NULL,'2023-11-05 23:28:54.236068',NULL,NULL);
INSERT INTO django_celery_results_taskresult VALUES(438,'c5e6d413-e8ce-47af-ab5a-496a5f5e84ec','SUCCESS','application/json','utf-8','true','2023-11-05 23:43:09.498889',NULL,'{"children": [[["9e4bc646-41b2-413b-b931-3941dc8447ba", null], null]]}',NULL,NULL,NULL,'2023-11-05 23:43:07.388113',NULL,NULL);
INSERT INTO django_celery_results_taskresult VALUES(439,'2afe456e-a5e3-4926-b2e5-7a84d51f72cc','SUCCESS','application/json','utf-8','true','2023-11-05 23:43:09.208022',NULL,'{"children": [[["1217ae28-ffb0-4d79-83d5-9436b46e473c", null], null]]}',NULL,NULL,NULL,'2023-11-05 23:43:07.930790',NULL,NULL);
INSERT INTO django_celery_results_taskresult VALUES(440,'96e350e1-6724-4674-bcae-bb58c52b6b79','SUCCESS','application/json','utf-8','true','2023-11-05 23:43:08.978720',NULL,'{"children": [[["b1af4ef4-596a-40dc-99d5-12630bb22b5c", null], null]]}',NULL,NULL,NULL,'2023-11-05 23:43:08.465748',NULL,NULL);
INSERT INTO django_celery_results_taskresult VALUES(441,'b1af4ef4-596a-40dc-99d5-12630bb22b5c','SUCCESS','application/json','utf-8','null','2023-11-05 23:43:10.072178',NULL,'{"children": []}',NULL,NULL,NULL,'2023-11-05 23:43:09.817867',NULL,NULL);
INSERT INTO django_celery_results_taskresult VALUES(442,'1217ae28-ffb0-4d79-83d5-9436b46e473c','SUCCESS','application/json','utf-8','null','2023-11-05 23:43:10.838471',NULL,'{"children": []}',NULL,NULL,NULL,'2023-11-05 23:43:10.429842',NULL,NULL);
INSERT INTO django_celery_results_taskresult VALUES(443,'9e4bc646-41b2-413b-b931-3941dc8447ba','SUCCESS','application/json','utf-8','null','2023-11-05 23:43:11.396002',NULL,'{"children": []}',NULL,NULL,NULL,'2023-11-05 23:43:09.212272',NULL,NULL);
INSERT INTO django_celery_results_taskresult VALUES(444,'3cd8ac73-cd31-4cfd-89dd-954fdfa57825','SUCCESS','application/json','utf-8','true','2023-11-06 00:09:48.658464',NULL,'{"children": [[["721509e3-a640-4b92-89dd-a3e414a6887a", null], null]]}',NULL,NULL,NULL,'2023-11-06 00:09:47.941210',NULL,NULL);
INSERT INTO django_celery_results_taskresult VALUES(445,'3c04100f-5548-4e80-8958-87f0956df446','SUCCESS','application/json','utf-8','true','2023-11-06 00:09:49.442795',NULL,'{"children": [[["b4a29ee3-abe7-4aab-9f60-5a7797d22666", null], null]]}',NULL,NULL,NULL,'2023-11-06 00:09:48.977364',NULL,NULL);
INSERT INTO django_celery_results_taskresult VALUES(446,'721509e3-a640-4b92-89dd-a3e414a6887a','SUCCESS','application/json','utf-8','null','2023-11-06 00:09:49.935539',NULL,'{"children": []}',NULL,NULL,NULL,'2023-11-06 00:09:49.695969',NULL,NULL);
INSERT INTO django_celery_results_taskresult VALUES(447,'b4a29ee3-abe7-4aab-9f60-5a7797d22666','SUCCESS','application/json','utf-8','null','2023-11-06 00:09:50.519790',NULL,'{"children": []}',NULL,NULL,NULL,'2023-11-06 00:09:50.177536',NULL,NULL);
INSERT INTO django_celery_results_taskresult VALUES(448,'c1a3cb49-6538-4241-8d98-9d06af048af3','FAILURE','application/json','utf-8','{"exc_type": "TypeError", "exc_message": ["a bytes-like object is required, not ''str''"], "exc_module": "builtins"}','2023-11-06 00:59:57.441808',NULL,'{"children": []}',NULL,NULL,NULL,'2023-11-06 00:59:27.136200',NULL,NULL);
INSERT INTO django_celery_results_taskresult VALUES(449,'73142465-37ab-45e4-ab18-461d0ef8e590','SUCCESS','application/json','utf-8','true','2023-11-06 01:15:28.240013',NULL,'{"children": [[["70165873-b3d0-4181-95d3-e85aa2e21cc8", null], null]]}',NULL,NULL,NULL,'2023-11-06 01:15:26.848497',NULL,NULL);
INSERT INTO django_celery_results_taskresult VALUES(450,'f2e78947-3240-4133-8c0b-6785cf70a63c','SUCCESS','application/json','utf-8','true','2023-11-06 01:15:27.918944',NULL,'{"children": [[["a214f241-0a8b-471b-89ea-3e168e7d5231", null], null]]}',NULL,NULL,NULL,'2023-11-06 01:15:27.391413',NULL,NULL);
INSERT INTO django_celery_results_taskresult VALUES(451,'70165873-b3d0-4181-95d3-e85aa2e21cc8','SUCCESS','application/json','utf-8','null','2023-11-06 01:15:28.865852',NULL,'{"children": []}',NULL,NULL,NULL,'2023-11-06 01:15:28.559656',NULL,NULL);
INSERT INTO django_celery_results_taskresult VALUES(452,'a214f241-0a8b-471b-89ea-3e168e7d5231','SUCCESS','application/json','utf-8','null','2023-11-06 01:15:29.483648',NULL,'{"children": []}',NULL,NULL,NULL,'2023-11-06 01:15:28.867966',NULL,NULL);
INSERT INTO django_celery_results_taskresult VALUES(453,'e96bd379-e705-41ac-b19e-1a0d86171e35','FAILURE','application/json','utf-8','{"exc_type": "TypeError", "exc_message": ["a bytes-like object is required, not ''str''"], "exc_module": "builtins"}','2023-11-06 01:37:33.461529',NULL,'{"children": []}',NULL,NULL,NULL,'2023-11-06 01:37:13.140704',NULL,NULL);
INSERT INTO django_celery_results_taskresult VALUES(454,'e15598c1-b299-4197-8e6e-74a57d520b96','FAILURE','application/json','utf-8','{"exc_type": "TypeError", "exc_message": ["a bytes-like object is required, not ''str''"], "exc_module": "builtins"}','2023-11-06 01:40:15.447368',NULL,'{"children": []}',NULL,NULL,NULL,'2023-11-06 01:39:45.181280',NULL,NULL);
INSERT INTO django_celery_results_taskresult VALUES(455,'e44ad738-9ce2-4d7a-9577-f8d4654d02e0','FAILURE','application/json','utf-8','{"exc_type": "TypeError", "exc_message": ["a bytes-like object is required, not ''str''"], "exc_module": "builtins"}','2023-11-06 01:40:28.885902',NULL,'{"children": []}',NULL,NULL,NULL,'2023-11-06 01:40:18.590153',NULL,NULL);
INSERT INTO django_celery_results_taskresult VALUES(456,'aba8bf80-7709-4544-9338-c73c44a79cf7','SUCCESS','application/json','utf-8','true','2023-11-06 01:42:26.867679',NULL,'{"children": []}',NULL,NULL,NULL,'2023-11-06 01:41:46.418209',NULL,NULL);
INSERT INTO django_celery_results_taskresult VALUES(457,'4015d7da-f47a-48fb-b872-7fb9681abc85','SUCCESS','application/json','utf-8','true','2023-11-06 01:44:21.548457',NULL,'{"children": []}',NULL,NULL,NULL,'2023-11-06 01:44:21.234863',NULL,NULL);
INSERT INTO django_celery_results_taskresult VALUES(458,'6f531c93-4ac9-4877-a407-b799e7c4e8bb','SUCCESS','application/json','utf-8','true','2023-11-06 01:45:33.994856',NULL,'{"children": [[["6bd9ca63-55dd-4807-8dd9-66252ac17114", null], null]]}',NULL,NULL,NULL,'2023-11-06 01:45:33.233960',NULL,NULL);
INSERT INTO django_celery_results_taskresult VALUES(459,'b027f066-753a-4ad9-9f0d-a31607a7bf79','SUCCESS','application/json','utf-8','true','2023-11-06 01:45:35.975426',NULL,'{"children": [[["fcfcdca1-6580-4e2a-9d82-604f1e8478ae", null], null]]}',NULL,NULL,NULL,'2023-11-06 01:45:33.991784',NULL,NULL);
INSERT INTO django_celery_results_taskresult VALUES(460,'97eed7a3-fa0c-4170-91cb-c2816d9bbeeb','SUCCESS','application/json','utf-8','true','2023-11-06 01:45:35.505484',NULL,'{"children": [[["e5b5eb7c-907b-4cc4-adc6-f3afed45389d", null], null]]}',NULL,NULL,NULL,'2023-11-06 01:45:33.993302',NULL,NULL);
INSERT INTO django_celery_results_taskresult VALUES(461,'6bd9ca63-55dd-4807-8dd9-66252ac17114','SUCCESS','application/json','utf-8','null','2023-11-06 01:45:35.288494',NULL,'{"children": []}',NULL,NULL,NULL,'2023-11-06 01:45:35.043273',NULL,NULL);
INSERT INTO django_celery_results_taskresult VALUES(462,'fcfcdca1-6580-4e2a-9d82-604f1e8478ae','SUCCESS','application/json','utf-8','null','2023-11-06 01:45:36.463638',NULL,'{"children": []}',NULL,NULL,NULL,'2023-11-06 01:45:36.225623',NULL,NULL);
INSERT INTO django_celery_results_taskresult VALUES(463,'e5b5eb7c-907b-4cc4-adc6-f3afed45389d','SUCCESS','application/json','utf-8','null','2023-11-06 01:45:37.022064',NULL,'{"children": []}',NULL,NULL,NULL,'2023-11-06 01:45:36.226008',NULL,NULL);
INSERT INTO django_celery_results_taskresult VALUES(464,'29f22cec-9ab9-49fa-8432-af203c4bd826','SUCCESS','application/json','utf-8','true','2023-11-06 01:45:48.074432',NULL,'{"children": []}',NULL,NULL,NULL,'2023-11-06 01:45:47.766514',NULL,NULL);
INSERT INTO django_celery_results_taskresult VALUES(465,'db2de7d4-d968-44ef-bf0b-42d332ff19d7','SUCCESS','application/json','utf-8','true','2023-11-06 01:46:02.694946',NULL,'{"children": []}',NULL,NULL,NULL,'2023-11-06 01:46:02.431984',NULL,NULL);
INSERT INTO django_celery_results_taskresult VALUES(466,'30f80f3c-04d0-464f-945a-433d598362ab','SUCCESS','application/json','utf-8','true','2023-11-06 01:46:09.841406',NULL,'{"children": []}',NULL,NULL,NULL,'2023-11-06 01:46:09.541372',NULL,NULL);
INSERT INTO django_celery_results_taskresult VALUES(467,'6452458d-3c99-4879-b0c6-bebbffa47acd','SUCCESS','application/json','utf-8','true','2023-11-06 01:48:04.142993',NULL,'{"children": []}',NULL,NULL,NULL,'2023-11-06 01:48:03.827711',NULL,NULL);
INSERT INTO django_celery_results_taskresult VALUES(468,'d6b917ef-2106-41a0-97ac-011172025f4c','SUCCESS','application/json','utf-8','true','2023-11-06 01:48:04.852784',NULL,'{"children": []}',NULL,NULL,NULL,'2023-11-06 01:48:04.494662',NULL,NULL);
INSERT INTO django_celery_results_taskresult VALUES(469,'79b2c44a-9efc-4d55-9174-9f44297cf2d2','SUCCESS','application/json','utf-8','true','2023-11-06 01:48:58.489666',NULL,'{"children": [[["1875ac62-4729-40a3-bf84-09f74eee12bd", null], null]]}',NULL,NULL,NULL,'2023-11-06 01:48:55.614544',NULL,NULL);
INSERT INTO django_celery_results_taskresult VALUES(470,'22ee58ba-d2f8-4629-89d8-c6a781dbe251','SUCCESS','application/json','utf-8','true','2023-11-06 01:49:00.141367',NULL,'{"children": [[["edf7f641-c355-44e8-ab1c-26547dfeede2", null], null]]}',NULL,NULL,NULL,'2023-11-06 01:48:56.150831',NULL,NULL);
INSERT INTO django_celery_results_taskresult VALUES(471,'1875ac62-4729-40a3-bf84-09f74eee12bd','SUCCESS','application/json','utf-8','null','2023-11-06 01:48:56.878001',NULL,'{"children": []}',NULL,NULL,NULL,'2023-11-06 01:48:56.595488',NULL,NULL);
INSERT INTO django_celery_results_taskresult VALUES(472,'73a2da55-28f9-40f0-a609-5fd545f5c113','SUCCESS','application/json','utf-8','true','2023-11-06 01:48:57.656456',NULL,'{"children": [[["c3704fd2-ba5a-47b1-84dd-93214c1478a7", null], null]]}',NULL,NULL,NULL,'2023-11-06 01:48:57.163757',NULL,NULL);
INSERT INTO django_celery_results_taskresult VALUES(473,'7de6cc76-baa6-4717-acd5-193ab6dc97c2','SUCCESS','application/json','utf-8','true','2023-11-06 01:48:59.823591',NULL,'{"children": [[["46385b0a-47bc-4eea-a8ff-99b932b79b09", null], null]]}',NULL,NULL,NULL,'2023-11-06 01:48:57.657708',NULL,NULL);
INSERT INTO django_celery_results_taskresult VALUES(474,'c3704fd2-ba5a-47b1-84dd-93214c1478a7','SUCCESS','application/json','utf-8','null','2023-11-06 01:48:58.961460',NULL,'{"children": []}',NULL,NULL,NULL,'2023-11-06 01:48:57.987236',NULL,NULL);
INSERT INTO django_celery_results_taskresult VALUES(475,'edf7f641-c355-44e8-ab1c-26547dfeede2','SUCCESS','application/json','utf-8','null','2023-11-06 01:48:59.528332',NULL,'{"children": []}',NULL,NULL,NULL,'2023-11-06 01:48:59.245269',NULL,NULL);
INSERT INTO django_celery_results_taskresult VALUES(476,'46385b0a-47bc-4eea-a8ff-99b932b79b09','SUCCESS','application/json','utf-8','null','2023-11-06 01:49:00.745120',NULL,'{"children": []}',NULL,NULL,NULL,'2023-11-06 01:48:59.528598',NULL,NULL);
INSERT INTO django_celery_results_taskresult VALUES(477,'9df3204e-7ff9-4c35-9798-111a8e901e8b','SUCCESS','application/json','utf-8','true','2023-11-06 01:49:05.185170',NULL,'{"children": []}',NULL,NULL,NULL,'2023-11-06 01:49:04.870718',NULL,NULL);
INSERT INTO django_celery_results_taskresult VALUES(478,'83981eb5-07df-45c7-bf3c-9dbffe846ff8','SUCCESS','application/json','utf-8','true','2023-11-06 01:49:05.771681',NULL,'{"children": []}',NULL,NULL,NULL,'2023-11-06 01:49:05.462455',NULL,NULL);
INSERT INTO django_celery_results_taskresult VALUES(479,'dca391d8-76bb-44cf-a32d-34ce3eda49b7','SUCCESS','application/json','utf-8','true','2023-11-06 01:49:06.406735',NULL,'{"children": []}',NULL,NULL,NULL,'2023-11-06 01:49:06.103040',NULL,NULL);
INSERT INTO django_celery_results_taskresult VALUES(480,'b4c1c5fd-43b1-4a47-9a34-39de2654fc7b','SUCCESS','application/json','utf-8','true','2023-11-06 01:49:07.030157',NULL,'{"children": []}',NULL,NULL,NULL,'2023-11-06 01:49:06.752904',NULL,NULL);
INSERT INTO django_celery_results_taskresult VALUES(481,'e93a26f2-92fb-4ae3-a3fd-f2a506daacfe','SUCCESS','application/json','utf-8','true','2023-11-06 01:49:10.906635',NULL,'{"children": []}',NULL,NULL,NULL,'2023-11-06 01:49:10.601490',NULL,NULL);
INSERT INTO django_celery_results_taskresult VALUES(482,'2e494542-74b3-46f9-b2dc-f53d3dcd85ab','SUCCESS','application/json','utf-8','true','2023-11-06 01:49:11.483863',NULL,'{"children": []}',NULL,NULL,NULL,'2023-11-06 01:49:11.201851',NULL,NULL);
INSERT INTO django_celery_results_taskresult VALUES(483,'301acbba-ab49-4401-950a-bb0156d386ff','SUCCESS','application/json','utf-8','true','2023-11-06 01:49:12.126764',NULL,'{"children": []}',NULL,NULL,NULL,'2023-11-06 01:49:10.910635',NULL,NULL);
INSERT INTO django_celery_results_taskresult VALUES(484,'4b2d555e-57ba-455e-bde8-f2ab643092e4','SUCCESS','application/json','utf-8','true','2023-11-06 01:51:38.366177',NULL,'{"children": [[["7cf69b21-021e-4a83-b362-a91c76765175", null], null]]}',NULL,NULL,NULL,'2023-11-06 01:51:37.827759',NULL,NULL);
INSERT INTO django_celery_results_taskresult VALUES(485,'8026f3f2-b0e3-45b9-9fe2-aa9df388f027','SUCCESS','application/json','utf-8','true','2023-11-06 01:51:38.857474',NULL,'{"children": [[["31918641-56da-445f-9367-004de4768d25", null], null]]}',NULL,NULL,NULL,'2023-11-06 01:51:38.365283',NULL,NULL);
INSERT INTO django_celery_results_taskresult VALUES(486,'31918641-56da-445f-9367-004de4768d25','SUCCESS','application/json','utf-8','null','2023-11-06 01:51:39.471684',NULL,'{"children": []}',NULL,NULL,NULL,'2023-11-06 01:51:39.193297',NULL,NULL);
INSERT INTO django_celery_results_taskresult VALUES(487,'7cf69b21-021e-4a83-b362-a91c76765175','SUCCESS','application/json','utf-8','null','2023-11-06 01:51:40.400550',NULL,'{"children": []}',NULL,NULL,NULL,'2023-11-06 01:51:40.103973',NULL,NULL);
INSERT INTO django_celery_results_taskresult VALUES(488,'3fa7785f-19c3-4ce4-a7fb-c5fa0030ebbd','SUCCESS','application/json','utf-8','true','2023-11-06 01:51:51.572263',NULL,'{"children": []}',NULL,NULL,NULL,'2023-11-06 01:51:51.278129',NULL,NULL);
INSERT INTO django_celery_results_taskresult VALUES(489,'0ee7f643-1f36-4f9a-93d7-2064aa2b0134','SUCCESS','application/json','utf-8','true','2023-11-06 01:51:52.182971',NULL,'{"children": []}',NULL,NULL,NULL,'2023-11-06 01:51:51.883615',NULL,NULL);
INSERT INTO django_celery_results_taskresult VALUES(490,'6e0bb67d-43c2-4ff4-97ba-f13dc8a0d556','SUCCESS','application/json','utf-8','true','2023-11-06 01:51:52.698436',NULL,'{"children": []}',NULL,NULL,NULL,'2023-11-06 01:51:51.574287',NULL,NULL);
INSERT INTO django_celery_results_taskresult VALUES(491,'aeb933b9-6213-4bfc-aaa9-239a5e48ee29','SUCCESS','application/json','utf-8','true','2023-11-06 01:53:03.407690',NULL,'{"children": [[["a85bc04c-cf73-4073-9f19-225794dcf8dc", null], null]]}',NULL,NULL,NULL,'2023-11-06 01:53:02.847211',NULL,NULL);
INSERT INTO django_celery_results_taskresult VALUES(492,'a85bc04c-cf73-4073-9f19-225794dcf8dc','SUCCESS','application/json','utf-8','null','2023-11-06 01:53:03.993341',NULL,'{"children": []}',NULL,NULL,NULL,'2023-11-06 01:53:03.743340',NULL,NULL);
INSERT INTO django_celery_results_taskresult VALUES(493,'37580cb8-51a9-48bd-a25a-95078ef4a9fb','SUCCESS','application/json','utf-8','true','2023-11-06 01:53:04.818015',NULL,'{"children": [[["6f4cc983-b968-4e67-9e47-bf1c08f9925a", null], null]]}',NULL,NULL,NULL,'2023-11-06 01:53:04.284251',NULL,NULL);
INSERT INTO django_celery_results_taskresult VALUES(494,'6f4cc983-b968-4e67-9e47-bf1c08f9925a','SUCCESS','application/json','utf-8','null','2023-11-06 01:53:05.394069',NULL,'{"children": []}',NULL,NULL,NULL,'2023-11-06 01:53:05.150642',NULL,NULL);
INSERT INTO django_celery_results_taskresult VALUES(495,'d6adf515-f1fc-40ee-9894-5b67495850d7','SUCCESS','application/json','utf-8','true','2023-11-06 01:53:06.208248',NULL,'{"children": [[["9d71b3d0-934a-45e8-8a95-401e58fbbf71", null], null]]}',NULL,NULL,NULL,'2023-11-06 01:53:05.693071',NULL,NULL);
INSERT INTO django_celery_results_taskresult VALUES(496,'9d71b3d0-934a-45e8-8a95-401e58fbbf71','SUCCESS','application/json','utf-8','null','2023-11-06 01:53:06.752610',NULL,'{"children": []}',NULL,NULL,NULL,'2023-11-06 01:53:06.446584',NULL,NULL);
INSERT INTO django_celery_results_taskresult VALUES(497,'0ab6f515-22c3-4373-9154-1ae7406cca11','SUCCESS','application/json','utf-8','true','2023-11-06 01:53:16.215420',NULL,'{"children": []}',NULL,NULL,NULL,'2023-11-06 01:53:15.934531',NULL,NULL);
INSERT INTO django_celery_results_taskresult VALUES(498,'964fd549-1a64-4b60-b9a4-32d0897e3848','SUCCESS','application/json','utf-8','true','2023-11-06 01:54:11.079555',NULL,'{"children": []}',NULL,NULL,NULL,'2023-11-06 01:54:10.654362',NULL,NULL);
INSERT INTO django_celery_results_taskresult VALUES(499,'7978492a-7897-4658-ac6d-f393bacb3eaa','SUCCESS','application/json','utf-8','true','2023-11-06 01:54:17.342319',NULL,'{"children": []}',NULL,NULL,NULL,'2023-11-06 01:54:17.088493',NULL,NULL);
INSERT INTO django_celery_results_taskresult VALUES(500,'dfac3917-c620-4b73-90a9-6150334afd01','SUCCESS','application/json','utf-8','true','2023-11-06 01:54:39.865134',NULL,'{"children": []}',NULL,NULL,NULL,'2023-11-06 01:54:39.617195',NULL,NULL);
INSERT INTO django_celery_results_taskresult VALUES(501,'e56fec17-c175-47ed-8b08-d28445d871c1','SUCCESS','application/json','utf-8','true','2023-11-06 01:54:46.368479',NULL,'{"children": []}',NULL,NULL,NULL,'2023-11-06 01:54:46.113851',NULL,NULL);
INSERT INTO django_celery_results_taskresult VALUES(502,'2080cc9b-22c8-4148-bd6c-43df019c73bb','SUCCESS','application/json','utf-8','true','2023-11-06 01:55:18.514954',NULL,'{"children": [[["82d89372-db2f-46d9-b41b-d52a858d5fea", null], null]]}',NULL,NULL,NULL,'2023-11-06 01:55:18.058908',NULL,NULL);
INSERT INTO django_celery_results_taskresult VALUES(503,'82d89372-db2f-46d9-b41b-d52a858d5fea','SUCCESS','application/json','utf-8','null','2023-11-06 01:55:19.004985',NULL,'{"children": []}',NULL,NULL,NULL,'2023-11-06 01:55:18.747962',NULL,NULL);
INSERT INTO django_celery_results_taskresult VALUES(504,'118ec32c-db1f-4e40-9588-ef4fa60090e0','SUCCESS','application/json','utf-8','true','2023-11-06 01:55:19.759692',NULL,'{"children": [[["d419f548-7df9-427b-9a5e-a54964c58d9b", null], null]]}',NULL,NULL,NULL,'2023-11-06 01:55:19.294744',NULL,NULL);
INSERT INTO django_celery_results_taskresult VALUES(505,'d419f548-7df9-427b-9a5e-a54964c58d9b','SUCCESS','application/json','utf-8','null','2023-11-06 01:55:20.346798',NULL,'{"children": []}',NULL,NULL,NULL,'2023-11-06 01:55:20.096701',NULL,NULL);
INSERT INTO django_celery_results_taskresult VALUES(506,'afbd7881-1266-48dc-9611-57f944baf424','SUCCESS','application/json','utf-8','true','2023-11-06 01:58:26.102388',NULL,'{"children": []}',NULL,NULL,NULL,'2023-11-06 01:58:25.654573',NULL,NULL);
INSERT INTO django_celery_results_taskresult VALUES(507,'00884313-c2da-48a2-bbe1-fae44585b427','SUCCESS','application/json','utf-8','true','2023-11-06 01:58:37.122787',NULL,'{"children": []}',NULL,NULL,NULL,'2023-11-06 01:58:36.869478',NULL,NULL);
INSERT INTO django_celery_results_taskresult VALUES(508,'763b4957-5eb9-4917-85de-7dc4310b14ed','SUCCESS','application/json','utf-8','true','2023-11-06 02:00:17.498977',NULL,'{"children": []}',NULL,NULL,NULL,'2023-11-06 02:00:17.254999',NULL,NULL);
INSERT INTO django_celery_results_taskresult VALUES(509,'00dbf79a-3726-4769-a9e1-b3484ef7c69b','SUCCESS','application/json','utf-8','true','2023-11-06 02:00:44.503120',NULL,'{"children": []}',NULL,NULL,NULL,'2023-11-06 02:00:44.215378',NULL,NULL);
INSERT INTO django_celery_results_taskresult VALUES(510,'8d32db57-66a4-4bbe-a99e-a9502d4d6562','SUCCESS','application/json','utf-8','true','2023-11-06 02:01:45.044907',NULL,'{"children": [[["a42c6ce8-6d6e-4c7e-99a2-aa6ba883c327", null], null]]}',NULL,NULL,NULL,'2023-11-06 02:01:44.601731',NULL,NULL);
INSERT INTO django_celery_results_taskresult VALUES(511,'a42c6ce8-6d6e-4c7e-99a2-aa6ba883c327','SUCCESS','application/json','utf-8','null','2023-11-06 02:01:45.516905',NULL,'{"children": []}',NULL,NULL,NULL,'2023-11-06 02:01:45.280698',NULL,NULL);
INSERT INTO django_celery_results_taskresult VALUES(512,'d60bd1da-9272-4034-9863-d28c7a129bc6','SUCCESS','application/json','utf-8','true','2023-11-06 02:01:46.297964',NULL,'{"children": [[["07ddfab5-a9c4-4d15-8bbe-eb402583545a", null], null]]}',NULL,NULL,NULL,'2023-11-06 02:01:45.836858',NULL,NULL);
INSERT INTO django_celery_results_taskresult VALUES(513,'07ddfab5-a9c4-4d15-8bbe-eb402583545a','SUCCESS','application/json','utf-8','null','2023-11-06 02:01:46.858459',NULL,'{"children": []}',NULL,NULL,NULL,'2023-11-06 02:01:46.634241',NULL,NULL);
INSERT INTO django_celery_results_taskresult VALUES(514,'4848934a-516f-4277-8006-b7425e851cc8','SUCCESS','application/json','utf-8','true','2023-11-06 02:01:53.780750',NULL,'{"children": []}',NULL,NULL,NULL,'2023-11-06 02:01:53.452827',NULL,NULL);
INSERT INTO django_celery_results_taskresult VALUES(515,'ba188432-ce99-475f-a684-bac72c21f21e','SUCCESS','application/json','utf-8','true','2023-11-06 02:08:23.210389',NULL,'{"children": []}',NULL,NULL,NULL,'2023-11-06 02:08:22.740264',NULL,NULL);
INSERT INTO django_celery_results_taskresult VALUES(516,'92c2d73c-12aa-486b-99dd-d373d0d30a6f','SUCCESS','application/json','utf-8','true','2023-11-06 02:08:56.179144',NULL,'{"children": [[["97ccaab1-09e9-406d-bdc7-e75aa23f6ba0", null], null]]}',NULL,NULL,NULL,'2023-11-06 02:08:55.719082',NULL,NULL);
INSERT INTO django_celery_results_taskresult VALUES(517,'97ccaab1-09e9-406d-bdc7-e75aa23f6ba0','SUCCESS','application/json','utf-8','null','2023-11-06 02:08:56.653445',NULL,'{"children": []}',NULL,NULL,NULL,'2023-11-06 02:08:56.412285',NULL,NULL);
INSERT INTO django_celery_results_taskresult VALUES(518,'c767c4cc-cd8f-45f6-8e10-4702c40b0e4d','SUCCESS','application/json','utf-8','true','2023-11-06 02:08:57.457856',NULL,'{"children": [[["266c5ee4-9c1d-46bc-ad65-7d06e25ad2c8", null], null]]}',NULL,NULL,NULL,'2023-11-06 02:08:56.654032',NULL,NULL);
INSERT INTO django_celery_results_taskresult VALUES(519,'266c5ee4-9c1d-46bc-ad65-7d06e25ad2c8','SUCCESS','application/json','utf-8','null','2023-11-06 02:08:58.020257',NULL,'{"children": []}',NULL,NULL,NULL,'2023-11-06 02:08:57.791317',NULL,NULL);
INSERT INTO django_celery_results_taskresult VALUES(520,'3cf3d128-89d5-4e72-8d15-9b3fa1513d18','SUCCESS','application/json','utf-8','true','2023-11-06 02:25:22.945691',NULL,'{"children": []}',NULL,NULL,NULL,'2023-11-06 02:25:22.701725',NULL,NULL);
INSERT INTO django_celery_results_taskresult VALUES(521,'18b6fb62-b5e0-48f6-9f13-c701f62ebf17','SUCCESS','application/json','utf-8','true','2023-11-06 02:26:04.771649',NULL,'{"children": []}',NULL,NULL,NULL,'2023-11-06 02:26:04.536798',NULL,NULL);
INSERT INTO django_celery_results_taskresult VALUES(522,'6eaec433-b6db-4184-b982-f17ff9954031','SUCCESS','application/json','utf-8','true','2023-11-06 02:26:23.765228',NULL,'{"children": [[["b94094ba-7df3-4835-964a-b52f38484d84", null], null]]}',NULL,NULL,NULL,'2023-11-06 02:26:23.282207',NULL,NULL);
INSERT INTO django_celery_results_taskresult VALUES(523,'b94094ba-7df3-4835-964a-b52f38484d84','SUCCESS','application/json','utf-8','null','2023-11-06 02:26:24.240162',NULL,'{"children": []}',NULL,NULL,NULL,'2023-11-06 02:26:24.000561',NULL,NULL);
INSERT INTO django_celery_results_taskresult VALUES(524,'d61bfaf7-4d72-4cc2-ae08-a41e104a8c5f','SUCCESS','application/json','utf-8','true','2023-11-06 02:26:24.964731',NULL,'{"children": [[["9d37ebfa-923b-4307-b298-55942e7e5128", null], null]]}',NULL,NULL,NULL,'2023-11-06 02:26:24.520671',NULL,NULL);
INSERT INTO django_celery_results_taskresult VALUES(525,'9d37ebfa-923b-4307-b298-55942e7e5128','SUCCESS','application/json','utf-8','null','2023-11-06 02:26:25.431728',NULL,'{"children": []}',NULL,NULL,NULL,'2023-11-06 02:26:25.200844',NULL,NULL);
INSERT INTO django_celery_results_taskresult VALUES(526,'f334e7e7-cf56-4114-bb83-e993449753b9','SUCCESS','application/json','utf-8','true','2023-11-06 02:26:26.214747',NULL,'{"children": [[["d3e9d29e-8e7f-43c0-b1ce-e888efad84f2", null], null]]}',NULL,NULL,NULL,'2023-11-06 02:26:25.732952',NULL,NULL);
INSERT INTO django_celery_results_taskresult VALUES(527,'d3e9d29e-8e7f-43c0-b1ce-e888efad84f2','SUCCESS','application/json','utf-8','null','2023-11-06 02:26:26.690304',NULL,'{"children": []}',NULL,NULL,NULL,'2023-11-06 02:26:26.450177',NULL,NULL);
INSERT INTO django_celery_results_taskresult VALUES(528,'4e12e1ac-73c7-4fd6-b127-ed98cf4b7f5c','SUCCESS','application/json','utf-8','true','2023-11-06 02:26:33.568163',NULL,'{"children": []}',NULL,NULL,NULL,'2023-11-06 02:26:33.324796',NULL,NULL);
INSERT INTO django_celery_results_taskresult VALUES(529,'cc92da9e-1d30-419a-bb7b-9206cac62709','SUCCESS','application/json','utf-8','true','2023-11-06 02:26:39.600519',NULL,'{"children": []}',NULL,NULL,NULL,'2023-11-06 02:26:39.301758',NULL,NULL);
INSERT INTO django_celery_results_taskresult VALUES(530,'56a3df3e-bbb5-4d65-9bec-d98a14b6ed83','SUCCESS','application/json','utf-8','true','2023-11-06 02:26:44.321668',NULL,'{"children": []}',NULL,NULL,NULL,'2023-11-06 02:26:44.062842',NULL,NULL);
INSERT INTO django_celery_results_taskresult VALUES(531,'3b061aed-73be-47e3-a31e-fb88ee940d16','SUCCESS','application/json','utf-8','true','2023-11-06 02:26:57.226109',NULL,'{"children": [[["6d8b8e03-3488-4014-9064-dd88c89be541", null], null]]}',NULL,NULL,NULL,'2023-11-06 02:26:56.761244',NULL,NULL);
INSERT INTO django_celery_results_taskresult VALUES(532,'6d8b8e03-3488-4014-9064-dd88c89be541','SUCCESS','application/json','utf-8','null','2023-11-06 02:26:57.704873',NULL,'{"children": []}',NULL,NULL,NULL,'2023-11-06 02:26:57.462915',NULL,NULL);
INSERT INTO django_celery_results_taskresult VALUES(533,'8ce995b6-1597-477b-8347-58d01576918f','SUCCESS','application/json','utf-8','true','2023-11-06 02:26:58.478036',NULL,'{"children": [[["16f428c8-7c37-499a-b885-980eb395afff", null], null]]}',NULL,NULL,NULL,'2023-11-06 02:26:57.997399',NULL,NULL);
INSERT INTO django_celery_results_taskresult VALUES(534,'16f428c8-7c37-499a-b885-980eb395afff','SUCCESS','application/json','utf-8','null','2023-11-06 02:26:59.013329',NULL,'{"children": []}',NULL,NULL,NULL,'2023-11-06 02:26:58.714060',NULL,NULL);
INSERT INTO django_celery_results_taskresult VALUES(535,'5c79f698-24c9-4d32-a3bb-e10554afbe7b','SUCCESS','application/json','utf-8','true','2023-11-06 02:27:12.179875',NULL,'{"children": []}',NULL,NULL,NULL,'2023-11-06 02:27:11.791526',NULL,NULL);
INSERT INTO django_celery_results_taskresult VALUES(536,'d97b51b9-8d56-4ab1-825a-89e66ed0b824','SUCCESS','application/json','utf-8','true','2023-11-06 02:27:19.395458',NULL,'{"children": []}',NULL,NULL,NULL,'2023-11-06 02:27:19.159431',NULL,NULL);
INSERT INTO django_celery_results_taskresult VALUES(537,'bb7edcf1-62dc-42b6-aa94-eecbf0a2c3b2','SUCCESS','application/json','utf-8','true','2023-11-06 02:28:05.400554',NULL,'{"children": [[["94eb5296-d12f-4850-8b4e-c0e579b6010c", null], null]]}',NULL,NULL,NULL,'2023-11-06 02:28:04.832524',NULL,NULL);
INSERT INTO django_celery_results_taskresult VALUES(538,'94eb5296-d12f-4850-8b4e-c0e579b6010c','SUCCESS','application/json','utf-8','null','2023-11-06 02:28:06.010393',NULL,'{"children": []}',NULL,NULL,NULL,'2023-11-06 02:28:05.737924',NULL,NULL);
INSERT INTO django_celery_results_taskresult VALUES(539,'23c11eab-117d-48d5-9334-d0904f7288e9','SUCCESS','application/json','utf-8','true','2023-11-06 02:28:06.843519',NULL,'{"children": [[["d50df38f-7c0f-48a6-b34a-709be5d26d2d", null], null]]}',NULL,NULL,NULL,'2023-11-06 02:28:06.367214',NULL,NULL);
INSERT INTO django_celery_results_taskresult VALUES(540,'bc3f0118-4749-4557-933d-d2b1139cd882','SUCCESS','application/json','utf-8','true','2023-11-06 02:28:08.216906',NULL,'{"children": [[["ae014331-b7a7-4431-a9c6-84444143b946", null], null]]}',NULL,NULL,NULL,'2023-11-06 02:28:07.173289',NULL,NULL);
INSERT INTO django_celery_results_taskresult VALUES(541,'d50df38f-7c0f-48a6-b34a-709be5d26d2d','SUCCESS','application/json','utf-8','null','2023-11-06 02:28:07.961561',NULL,'{"children": []}',NULL,NULL,NULL,'2023-11-06 02:28:07.678469',NULL,NULL);
INSERT INTO django_celery_results_taskresult VALUES(542,'ae014331-b7a7-4431-a9c6-84444143b946','SUCCESS','application/json','utf-8','null','2023-11-06 02:28:08.802854',NULL,'{"children": []}',NULL,NULL,NULL,'2023-11-06 02:28:08.524682',NULL,NULL);
INSERT INTO django_celery_results_taskresult VALUES(543,'745a2c9d-91fc-419b-816a-cd5ebb1e9544','SUCCESS','application/json','utf-8','true','2023-11-06 02:28:09.334599',NULL,'{"children": [[["8df1a19f-1664-4933-84cd-485b60b6bed5", null], null]]}',NULL,NULL,NULL,'2023-11-06 02:28:06.369844',NULL,NULL);
INSERT INTO django_celery_results_taskresult VALUES(544,'8df1a19f-1664-4933-84cd-485b60b6bed5','SUCCESS','application/json','utf-8','null','2023-11-06 02:28:10.268756',NULL,'{"children": []}',NULL,NULL,NULL,'2023-11-06 02:28:09.970910',NULL,NULL);
INSERT INTO django_celery_results_taskresult VALUES(545,'a96df6c7-0f57-49b9-a487-82bc6609effb','SUCCESS','application/json','utf-8','true','2023-11-06 02:28:24.725330',NULL,'{"children": []}',NULL,NULL,NULL,'2023-11-06 02:28:24.432117',NULL,NULL);
INSERT INTO django_celery_results_taskresult VALUES(546,'a6ba1ade-0ad3-4c16-bb5f-e2a961fcfa9b','SUCCESS','application/json','utf-8','true','2023-11-06 02:28:30.883901',NULL,'{"children": []}',NULL,NULL,NULL,'2023-11-06 02:28:30.598274',NULL,NULL);
INSERT INTO django_celery_results_taskresult VALUES(547,'5fbb37f1-f861-486a-9bde-2eb7ce4c35ad','SUCCESS','application/json','utf-8','true','2023-11-06 02:37:18.676224',NULL,'{"children": []}',NULL,NULL,NULL,'2023-11-06 02:37:18.201648',NULL,NULL);
INSERT INTO django_celery_results_taskresult VALUES(548,'55a1ae91-7d00-4799-9653-034b27e105e9','SUCCESS','application/json','utf-8','true','2023-11-06 02:41:22.027440',NULL,'{"children": []}',NULL,NULL,NULL,'2023-11-06 02:41:21.555515',NULL,NULL);
INSERT INTO django_celery_results_taskresult VALUES(549,'7bb2a79b-bc13-4f00-9ba3-ac6e7ed382ba','SUCCESS','application/json','utf-8','true','2023-11-06 02:41:42.222329',NULL,'{"children": [[["afa6f2c7-cccd-4173-a7ec-89f308409570", null], null]]}',NULL,NULL,NULL,'2023-11-06 02:41:41.584247',NULL,NULL);
INSERT INTO django_celery_results_taskresult VALUES(550,'cd830294-4c3b-42c7-90db-7dd2d0577a02','SUCCESS','application/json','utf-8','true','2023-11-06 02:41:43.689670',NULL,'{"children": [[["775089b3-70d4-45c5-8962-fe77a8d38f22", null], null]]}',NULL,NULL,NULL,'2023-11-06 02:41:42.222829',NULL,NULL);
INSERT INTO django_celery_results_taskresult VALUES(551,'afa6f2c7-cccd-4173-a7ec-89f308409570','SUCCESS','application/json','utf-8','null','2023-11-06 02:41:43.344957',NULL,'{"children": []}',NULL,NULL,NULL,'2023-11-06 02:41:43.059347',NULL,NULL);
INSERT INTO django_celery_results_taskresult VALUES(552,'775089b3-70d4-45c5-8962-fe77a8d38f22','SUCCESS','application/json','utf-8','null','2023-11-06 02:41:44.294360',NULL,'{"children": []}',NULL,NULL,NULL,'2023-11-06 02:41:43.995325',NULL,NULL);
INSERT INTO django_celery_results_taskresult VALUES(553,'c2e0d083-77e7-4dfb-b53f-b7a339e0a12c','SUCCESS','application/json','utf-8','true','2023-11-06 02:41:50.706678',NULL,'{"children": []}',NULL,NULL,NULL,'2023-11-06 02:41:50.420350',NULL,NULL);
INSERT INTO django_celery_results_taskresult VALUES(554,'e9623a1a-0ff7-451f-ba04-a2a23c90b23b','SUCCESS','application/json','utf-8','true','2023-11-06 02:41:59.101695',NULL,'{"children": []}',NULL,NULL,NULL,'2023-11-06 02:41:58.814091',NULL,NULL);
INSERT INTO django_celery_results_taskresult VALUES(555,'2fa85e6a-8ed9-45fc-9fd4-632b88cc5076','SUCCESS','application/json','utf-8','true','2023-11-06 02:42:50.443604',NULL,'{"children": [[["68f774f9-3eaf-4dd2-967f-c7c6e7ffeec8", null], null]]}',NULL,NULL,NULL,'2023-11-06 02:42:49.375622',NULL,NULL);
INSERT INTO django_celery_results_taskresult VALUES(556,'ab687e69-7f36-45b2-a289-d4d448ccdf6e','SUCCESS','application/json','utf-8','true','2023-11-06 02:42:51.386859',NULL,'{"children": [[["06259ba0-bb82-47af-8ec4-078540218f01", null], null]]}',NULL,NULL,NULL,'2023-11-06 02:42:49.911240',NULL,NULL);
INSERT INTO django_celery_results_taskresult VALUES(557,'68f774f9-3eaf-4dd2-967f-c7c6e7ffeec8','SUCCESS','application/json','utf-8','null','2023-11-06 02:42:51.034025',NULL,'{"children": []}',NULL,NULL,NULL,'2023-11-06 02:42:50.749851',NULL,NULL);
INSERT INTO django_celery_results_taskresult VALUES(558,'06259ba0-bb82-47af-8ec4-078540218f01','SUCCESS','application/json','utf-8','null','2023-11-06 02:42:51.942126',NULL,'{"children": []}',NULL,NULL,NULL,'2023-11-06 02:42:51.694450',NULL,NULL);
INSERT INTO django_celery_results_taskresult VALUES(559,'be583749-55f6-4efe-b4a7-72c622c26cb1','SUCCESS','application/json','utf-8','true','2023-11-06 02:50:31.255457',NULL,'{"children": []}',NULL,NULL,NULL,'2023-11-06 02:50:30.805018',NULL,NULL);
INSERT INTO django_celery_results_taskresult VALUES(560,'3cc6040e-8fb6-4fe2-8957-b5472ed27fac','SUCCESS','application/json','utf-8','true','2023-11-06 02:50:51.796370',NULL,'{"children": []}',NULL,NULL,NULL,'2023-11-06 02:50:51.490394',NULL,NULL);
INSERT INTO django_celery_results_taskresult VALUES(561,'2541aae5-c5e9-44a7-be9a-16580d4d77cc','SUCCESS','application/json','utf-8','true','2023-11-06 02:52:21.275517',NULL,'{"children": [[["0ec01e05-47aa-469d-997d-41ab7ed73bf8", null], null]]}',NULL,NULL,NULL,'2023-11-06 02:52:20.749078',NULL,NULL);
INSERT INTO django_celery_results_taskresult VALUES(562,'78f07d59-a0bb-490a-ae10-cb210472b723','SUCCESS','application/json','utf-8','true','2023-11-06 02:52:22.095205',NULL,'{"children": [[["f176e28e-6a9c-44c6-b613-da7993215e56", null], null]]}',NULL,NULL,NULL,'2023-11-06 02:52:21.586114',NULL,NULL);
INSERT INTO django_celery_results_taskresult VALUES(563,'0ec01e05-47aa-469d-997d-41ab7ed73bf8','SUCCESS','application/json','utf-8','null','2023-11-06 02:52:22.694077',NULL,'{"children": []}',NULL,NULL,NULL,'2023-11-06 02:52:22.413032',NULL,NULL);
INSERT INTO django_celery_results_taskresult VALUES(564,'f176e28e-6a9c-44c6-b613-da7993215e56','SUCCESS','application/json','utf-8','null','2023-11-06 02:52:23.312635',NULL,'{"children": []}',NULL,NULL,NULL,'2023-11-06 02:52:23.031452',NULL,NULL);
INSERT INTO django_celery_results_taskresult VALUES(565,'24ec760f-b014-46fa-8343-976e49342146','SUCCESS','application/json','utf-8','true','2023-11-06 02:52:29.040656',NULL,'{"children": []}',NULL,NULL,NULL,'2023-11-06 02:52:28.727042',NULL,NULL);
INSERT INTO django_celery_results_taskresult VALUES(566,'25d008e4-7ea5-4e69-b36e-490b61934d55','SUCCESS','application/json','utf-8','true','2023-11-06 02:53:45.265472',NULL,'{"children": []}',NULL,NULL,NULL,'2023-11-06 02:53:44.971966',NULL,NULL);
INSERT INTO django_celery_results_taskresult VALUES(567,'34e74cf3-2e8d-4e7f-824c-0a3ebb023cb2','SUCCESS','application/json','utf-8','true','2023-11-06 03:07:33.103135',NULL,'{"children": [[["6e313f59-c496-4aa7-b61a-cd5ff2bb1783", null], null]]}',NULL,NULL,NULL,'2023-11-06 03:07:32.600317',NULL,NULL);
INSERT INTO django_celery_results_taskresult VALUES(568,'b47320fc-ddfc-4f09-ab12-b20440b7caf8','SUCCESS','application/json','utf-8','true','2023-11-06 03:07:33.955031',NULL,'{"children": [[["4b41c94d-1939-437a-93f7-3db3638f4814", null], null]]}',NULL,NULL,NULL,'2023-11-06 03:07:33.434392',NULL,NULL);
INSERT INTO django_celery_results_taskresult VALUES(569,'6e313f59-c496-4aa7-b61a-cd5ff2bb1783','SUCCESS','application/json','utf-8','null','2023-11-06 03:07:34.549193',NULL,'{"children": []}',NULL,NULL,NULL,'2023-11-06 03:07:34.268793',NULL,NULL);
INSERT INTO django_celery_results_taskresult VALUES(570,'4b41c94d-1939-437a-93f7-3db3638f4814','SUCCESS','application/json','utf-8','null','2023-11-06 03:07:35.174255',NULL,'{"children": []}',NULL,NULL,NULL,'2023-11-06 03:07:34.889877',NULL,NULL);
INSERT INTO django_celery_results_taskresult VALUES(571,'3ff67cd5-8720-471a-acde-aa7a51f5af9d','SUCCESS','application/json','utf-8','true','2023-11-06 04:20:51.260707',NULL,'{"children": []}',NULL,NULL,NULL,'2023-11-06 04:20:50.966221',NULL,NULL);
INSERT INTO django_celery_results_taskresult VALUES(572,'3f6a5121-81ab-432f-8d16-2c1993023b56','SUCCESS','application/json','utf-8','true','2023-11-06 04:37:44.772622',NULL,'{"children": []}',NULL,NULL,NULL,'2023-11-06 04:37:24.418272',NULL,NULL);
INSERT INTO django_celery_results_taskresult VALUES(573,'d6e0ab04-2d22-43fb-b665-3dd6db047088','SUCCESS','application/json','utf-8','true','2023-11-06 04:41:28.856596',NULL,'{"children": [[["4bcd3d34-c52b-4e0e-a2f4-cad82bb5c9a1", null], null]]}',NULL,NULL,NULL,'2023-11-06 04:41:26.699952',NULL,NULL);
INSERT INTO django_celery_results_taskresult VALUES(574,'8b783b88-8635-4875-bab2-9057dfaeace6','SUCCESS','application/json','utf-8','true','2023-11-06 04:41:27.825427',NULL,'{"children": [[["35ae458b-fd80-40a0-b0aa-037115069f82", null], null]]}',NULL,NULL,NULL,'2023-11-06 04:41:26.700859',NULL,NULL);
INSERT INTO django_celery_results_taskresult VALUES(575,'35ae458b-fd80-40a0-b0aa-037115069f82','SUCCESS','application/json','utf-8','null','2023-11-06 04:41:28.515119',NULL,'{"children": []}',NULL,NULL,NULL,'2023-11-06 04:41:28.173854',NULL,NULL);
INSERT INTO django_celery_results_taskresult VALUES(576,'4bcd3d34-c52b-4e0e-a2f4-cad82bb5c9a1','SUCCESS','application/json','utf-8','null','2023-11-06 04:41:29.439505',NULL,'{"children": []}',NULL,NULL,NULL,'2023-11-06 04:41:29.164030',NULL,NULL);
INSERT INTO django_celery_results_taskresult VALUES(577,'f2a16860-e41b-470b-b93b-22e8f1f7486f','FAILURE','application/json','utf-8','{"exc_type": "AttributeError", "exc_message": ["''str'' object has no attribute ''_app''"], "exc_module": "builtins"}','2023-11-06 04:45:15.713265',NULL,'{"children": []}',NULL,NULL,NULL,'2023-11-06 04:44:35.399085',NULL,NULL);
INSERT INTO django_celery_results_taskresult VALUES(578,'a1493e6a-d368-4358-9034-06ffb93ee120','SUCCESS','application/json','utf-8','true','2023-11-06 04:54:33.733543',NULL,'{"children": [[["5eecd3d0-7d8b-4860-8980-0ad022f0d316", null], null]]}',NULL,NULL,NULL,'2023-11-06 04:53:43.331645',NULL,NULL);
INSERT INTO django_celery_results_taskresult VALUES(579,'5eecd3d0-7d8b-4860-8980-0ad022f0d316','FAILURE','application/json','utf-8','{"exc_type": "AttributeError", "exc_message": ["''bool'' object has no attribute ''result''"], "exc_module": "builtins"}','2023-11-06 04:54:34.484404',NULL,'{"children": []}',NULL,NULL,NULL,'2023-11-06 04:54:34.185081',NULL,NULL);
INSERT INTO django_celery_results_taskresult VALUES(580,'46e510d0-db69-4df2-8863-3aefbcbc4a58','SUCCESS','application/json','utf-8','true','2023-11-06 04:56:10.050147',NULL,'{"children": [[["5ea6267b-2bb2-4e0b-add7-a8cd57e0efa8", null], null]]}',NULL,NULL,NULL,'2023-11-06 04:56:07.346268',NULL,NULL);
INSERT INTO django_celery_results_taskresult VALUES(581,'02b67a4e-7809-434b-9fb8-e0928af7a0dd','SUCCESS','application/json','utf-8','true','2023-11-06 04:56:08.519921',NULL,'{"children": [[["54e9f75e-6fa7-478b-92a5-41c6ddbae4f8", null], null]]}',NULL,NULL,NULL,'2023-11-06 04:56:07.885734',NULL,NULL);
INSERT INTO django_celery_results_taskresult VALUES(582,'54e9f75e-6fa7-478b-92a5-41c6ddbae4f8','SUCCESS','application/json','utf-8','null','2023-11-06 04:56:09.252664',NULL,'{"children": []}',NULL,NULL,NULL,'2023-11-06 04:56:08.971900',NULL,NULL);
INSERT INTO django_celery_results_taskresult VALUES(583,'5ea6267b-2bb2-4e0b-add7-a8cd57e0efa8','SUCCESS','application/json','utf-8','null','2023-11-06 04:56:09.776975',NULL,'{"children": []}',NULL,NULL,NULL,'2023-11-06 04:56:08.973325',NULL,NULL);
INSERT INTO django_celery_results_taskresult VALUES(584,'b6d9304d-ead8-49a4-8631-afb1a1ac167d','SUCCESS','application/json','utf-8','true','2023-11-06 04:56:46.373876',NULL,'{"children": [[["4d150955-6888-45bb-a707-b24326aad0d0", null], null]]}',NULL,NULL,NULL,'2023-11-06 04:56:46.066612',NULL,NULL);
INSERT INTO django_celery_results_taskresult VALUES(585,'4d150955-6888-45bb-a707-b24326aad0d0','SUCCESS','application/json','utf-8','null','2023-11-06 04:56:47.133474',NULL,'{"children": []}',NULL,NULL,NULL,'2023-11-06 04:56:46.710405',NULL,NULL);
INSERT INTO django_celery_results_taskresult VALUES(586,'e1ef34a7-9bae-4f7d-a104-392f309bdfc4','SUCCESS','application/json','utf-8','true','2023-11-06 05:01:55.510974',NULL,'{"children": [[["27640c15-362c-4d3f-ae42-7c4f5593b247", null], null]]}',NULL,NULL,NULL,'2023-11-06 05:01:54.920845',NULL,NULL);
INSERT INTO django_celery_results_taskresult VALUES(587,'ce44a58e-589c-4235-b2ce-42c1e47b14a9','SUCCESS','application/json','utf-8','true','2023-11-06 05:01:56.446248',NULL,'{"children": [[["51b0354f-f3e1-4b99-914c-142dbf91b6fe", null], null]]}',NULL,NULL,NULL,'2023-11-06 05:01:55.861969',NULL,NULL);
INSERT INTO django_celery_results_taskresult VALUES(588,'51b0354f-f3e1-4b99-914c-142dbf91b6fe','SUCCESS','application/json','utf-8','null','2023-11-06 05:01:57.187092',NULL,'{"children": []}',NULL,NULL,NULL,'2023-11-06 05:01:56.783677',NULL,NULL);
INSERT INTO django_celery_results_taskresult VALUES(589,'27640c15-362c-4d3f-ae42-7c4f5593b247','SUCCESS','application/json','utf-8','null','2023-11-06 05:01:57.770901',NULL,'{"children": []}',NULL,NULL,NULL,'2023-11-06 05:01:55.862095',NULL,NULL);
INSERT INTO django_celery_results_taskresult VALUES(590,'90a2dcdf-3c62-4fda-8df3-f3e4d64c2cd3','SUCCESS','application/json','utf-8','true','2023-11-06 05:05:20.178511',NULL,'{"children": []}',NULL,NULL,NULL,'2023-11-06 05:05:19.755622',NULL,NULL);
INSERT INTO django_celery_results_taskresult VALUES(591,'5185b33a-0536-4372-b235-0abafa20212b','FAILURE','application/json','utf-8','{"exc_type": "TypeError", "exc_message": ["notify_order_processed() takes 0 positional arguments but 1 was given"], "exc_module": "builtins"}','2023-11-06 05:15:56.048021',NULL,'{"children": []}',NULL,NULL,NULL,'2023-11-06 05:15:55.030711',NULL,NULL);
INSERT INTO django_celery_results_taskresult VALUES(592,'768a1b70-10d5-4547-92a9-3961ccdcd3ce','FAILURE','application/json','utf-8','{"exc_type": "TypeError", "exc_message": ["notify_order_processed() takes 0 positional arguments but 1 was given"], "exc_module": "builtins"}','2023-11-06 05:15:56.047371',NULL,'{"children": []}',NULL,NULL,NULL,'2023-11-06 05:15:55.504743',NULL,NULL);
INSERT INTO django_celery_results_taskresult VALUES(593,'28c161a3-c7ff-43aa-b544-286e937ff9cc','SUCCESS','application/json','utf-8','true','2023-11-06 05:16:59.142789',NULL,'{"children": [[["59c67589-0418-4264-965d-c9ac39400e8e", null], null]]}',NULL,NULL,NULL,'2023-11-06 05:16:58.679307',NULL,NULL);
INSERT INTO django_celery_results_taskresult VALUES(594,'59c67589-0418-4264-965d-c9ac39400e8e','FAILURE','application/json','utf-8','{"exc_type": "TypeError", "exc_message": ["can only concatenate str (not \"bool\") to str"], "exc_module": "builtins"}','2023-11-06 05:16:59.770287',NULL,'{"children": []}',NULL,NULL,NULL,'2023-11-06 05:16:59.481312',NULL,NULL);
INSERT INTO django_celery_results_taskresult VALUES(595,'c4cd3aea-5ba7-48c0-b1dd-ca0008872e36','SUCCESS','application/json','utf-8','true','2023-11-06 05:17:59.848634',NULL,'{"children": [[["8087b18b-5a1d-4602-9d28-946dd55277eb", null], null]]}',NULL,NULL,NULL,'2023-11-06 05:17:59.322569',NULL,NULL);
INSERT INTO django_celery_results_taskresult VALUES(596,'8087b18b-5a1d-4602-9d28-946dd55277eb','SUCCESS','application/json','utf-8','null','2023-11-06 05:18:00.484517',NULL,'{"children": []}',NULL,NULL,NULL,'2023-11-06 05:18:00.202196',NULL,NULL);
INSERT INTO django_celery_results_taskresult VALUES(597,'e79a9d52-9c6a-4f55-ad16-1022d2f10ded','SUCCESS','application/json','utf-8','true','2023-11-06 05:57:14.609727',NULL,'{"children": [[["d9e6fb87-f970-4ae7-bea1-d7222ff6b8bb", null], null]]}',NULL,NULL,NULL,'2023-11-06 05:57:13.900710',NULL,NULL);
INSERT INTO django_celery_results_taskresult VALUES(598,'d9e6fb87-f970-4ae7-bea1-d7222ff6b8bb','SUCCESS','application/json','utf-8','null','2023-11-06 05:57:15.443999',NULL,'{"children": []}',NULL,NULL,NULL,'2023-11-06 05:57:15.151594',NULL,NULL);
INSERT INTO django_celery_results_taskresult VALUES(599,'8044566b-7800-4081-816c-1c643b8922da','FAILURE','application/json','utf-8','{"exc_type": "TypeError", "exc_message": ["notify_order_processed() takes 1 positional argument but 2 were given"], "exc_module": "builtins"}','2023-11-06 05:59:00.342483',NULL,'{"children": []}',NULL,NULL,NULL,'2023-11-06 05:58:59.846914',NULL,NULL);
INSERT INTO django_celery_results_taskresult VALUES(600,'1a6d0d63-c8aa-4a05-bac6-afabadf147f1','SUCCESS','application/json','utf-8','true','2023-11-06 06:25:14.216423',NULL,'{"children": [[["cb321fb9-77ae-4779-b4c8-9e29b787f09d", null], null]]}',NULL,NULL,NULL,'2023-11-06 06:25:13.697623',NULL,NULL);
INSERT INTO django_celery_results_taskresult VALUES(601,'1a426e09-ac7c-456a-92c3-1feea737c152','SUCCESS','application/json','utf-8','true','2023-11-06 06:25:15.620190',NULL,'{"children": [[["774b0bac-e5d8-4bbb-8e61-19bceb8bafc7", null], null]]}',NULL,NULL,NULL,'2023-11-06 06:25:14.534551',NULL,NULL);
INSERT INTO django_celery_results_taskresult VALUES(602,'cb321fb9-77ae-4779-b4c8-9e29b787f09d','SUCCESS','application/json','utf-8','null','2023-11-06 06:25:15.344727',NULL,'{"children": []}',NULL,NULL,NULL,'2023-11-06 06:25:15.066342',NULL,NULL);
INSERT INTO django_celery_results_taskresult VALUES(603,'774b0bac-e5d8-4bbb-8e61-19bceb8bafc7','SUCCESS','application/json','utf-8','null','2023-11-06 06:25:16.218970',NULL,'{"children": []}',NULL,NULL,NULL,'2023-11-06 06:25:15.926280',NULL,NULL);
INSERT INTO django_celery_results_taskresult VALUES(604,'a11c7f19-09a3-49e6-af76-ce6a7f10ea9a','SUCCESS','application/json','utf-8','true','2023-11-06 06:25:17.038378',NULL,'{"children": [[["061c4898-4cdd-4188-86b5-f3b12bb5592f", null], null]]}',NULL,NULL,NULL,'2023-11-06 06:25:13.703562',NULL,NULL);
INSERT INTO django_celery_results_taskresult VALUES(605,'061c4898-4cdd-4188-86b5-f3b12bb5592f','SUCCESS','application/json','utf-8','null','2023-11-06 06:25:17.744499',NULL,'{"children": []}',NULL,NULL,NULL,'2023-11-06 06:25:17.373714',NULL,NULL);
INSERT INTO django_celery_results_taskresult VALUES(606,'221a8998-48a5-4bac-9ce3-f3dae48fc7c8','SUCCESS','application/json','utf-8','true','2023-11-06 06:26:45.894201',NULL,'{"children": []}',NULL,NULL,NULL,'2023-11-06 06:26:45.606354',NULL,NULL);
INSERT INTO django_celery_results_taskresult VALUES(607,'303a4349-4342-47be-86d2-1a769fefba4b','SUCCESS','application/json','utf-8','true','2023-11-06 06:26:58.359832',NULL,'{"children": []}',NULL,NULL,NULL,'2023-11-06 06:26:58.077668',NULL,NULL);
INSERT INTO django_celery_results_taskresult VALUES(608,'7ce37003-07da-4411-ba26-d77531714761','SUCCESS','application/json','utf-8','true','2023-11-06 06:27:04.304356',NULL,'{"children": []}',NULL,NULL,NULL,'2023-11-06 06:27:04.028236',NULL,NULL);
INSERT INTO django_celery_results_taskresult VALUES(609,'147c5025-5ed3-475e-86fe-17290353c6b2','SUCCESS','application/json','utf-8','true','2023-11-06 06:27:11.886406',NULL,'{"children": []}',NULL,NULL,NULL,'2023-11-06 06:27:11.581157',NULL,NULL);
INSERT INTO django_celery_results_taskresult VALUES(610,'f2ec578c-e937-42bc-9a86-e74090253958','SUCCESS','application/json','utf-8','true','2023-11-06 06:27:16.321684',NULL,'{"children": []}',NULL,NULL,NULL,'2023-11-06 06:27:16.034496',NULL,NULL);
INSERT INTO django_celery_results_taskresult VALUES(611,'a97e4747-7d21-44a1-8471-e2b2c9cfb7c6','SUCCESS','application/json','utf-8','true','2023-11-06 06:27:20.313302',NULL,'{"children": []}',NULL,NULL,NULL,'2023-11-06 06:27:20.006679',NULL,NULL);
INSERT INTO django_celery_results_taskresult VALUES(612,'31758e48-10d5-43dd-91fb-8f140bc86ff7','SUCCESS','application/json','utf-8','true','2023-11-06 06:27:25.029335',NULL,'{"children": []}',NULL,NULL,NULL,'2023-11-06 06:27:24.735647',NULL,NULL);
INSERT INTO django_celery_results_taskresult VALUES(613,'8ffda3d2-d762-4539-9f74-c9ff9d515e48','SUCCESS','application/json','utf-8','true','2023-11-06 06:27:28.402641',NULL,'{"children": []}',NULL,NULL,NULL,'2023-11-06 06:27:27.991298',NULL,NULL);
INSERT INTO django_celery_results_taskresult VALUES(614,'6eb1f878-fe3d-4512-8ca2-afdba58455b9','SUCCESS','application/json','utf-8','true','2023-11-06 06:27:30.845179',NULL,'{"children": []}',NULL,NULL,NULL,'2023-11-06 06:27:30.638580',NULL,NULL);
INSERT INTO django_celery_results_taskresult VALUES(615,'c5ceed51-a240-4e11-885c-9b52042fa556','SUCCESS','application/json','utf-8','true','2023-11-06 06:27:35.997804',NULL,'{"children": []}',NULL,NULL,NULL,'2023-11-06 06:27:35.686826',NULL,NULL);
INSERT INTO django_celery_results_taskresult VALUES(616,'071e68e8-92e8-4f2b-97e2-cce5f3ec6f61','SUCCESS','application/json','utf-8','true','2023-11-06 06:27:39.999054',NULL,'{"children": []}',NULL,NULL,NULL,'2023-11-06 06:27:39.703352',NULL,NULL);
INSERT INTO django_celery_results_taskresult VALUES(617,'5e4d09ca-6156-4685-801a-98f5960188fd','SUCCESS','application/json','utf-8','true','2023-11-06 06:32:56.782691',NULL,'{"children": [[["c4032f95-3497-470b-8314-00bb907883f8", null], null]]}',NULL,NULL,NULL,'2023-11-06 06:32:55.690268',NULL,NULL);
INSERT INTO django_celery_results_taskresult VALUES(618,'faeab79b-868e-472c-bbb4-e54887b0a741','SUCCESS','application/json','utf-8','true','2023-11-06 06:32:57.026891',NULL,'{"children": [[["65befe49-7e71-44ec-8a81-15c2863643e3", null], null]]}',NULL,NULL,NULL,'2023-11-06 06:32:56.336021',NULL,NULL);
INSERT INTO django_celery_results_taskresult VALUES(619,'c4032f95-3497-470b-8314-00bb907883f8','SUCCESS','application/json','utf-8','null','2023-11-06 06:32:57.604156',NULL,'{"children": []}',NULL,NULL,NULL,'2023-11-06 06:32:57.202290',NULL,NULL);
INSERT INTO django_celery_results_taskresult VALUES(620,'65befe49-7e71-44ec-8a81-15c2863643e3','SUCCESS','application/json','utf-8','null','2023-11-06 06:32:58.124959',NULL,'{"children": []}',NULL,NULL,NULL,'2023-11-06 06:32:57.856681',NULL,NULL);
INSERT INTO django_celery_results_taskresult VALUES(621,'a6c216fb-56b3-4290-ac6e-76d30aab92fc','SUCCESS','application/json','utf-8','true','2023-11-06 06:33:03.266828',NULL,'{"children": []}',NULL,NULL,NULL,'2023-11-06 06:33:02.910493',NULL,NULL);
INSERT INTO django_celery_results_taskresult VALUES(622,'ff696e0f-619d-45fd-9d47-4bd385093147','FAILURE','application/json','utf-8','{"exc_type": "TypeError", "exc_message": ["BasicKeyCommands.setex() takes 4 positional arguments but 5 were given"], "exc_module": "builtins"}','2023-11-06 06:34:13.052926',NULL,'{"children": []}',NULL,NULL,NULL,'2023-11-06 06:34:12.841935',NULL,NULL);
INSERT INTO django_celery_results_taskresult VALUES(623,'c68f7604-7d00-42d3-af35-fdd9e20820ab','FAILURE','application/json','utf-8','{"exc_type": "TypeError", "exc_message": ["BasicKeyCommands.setex() takes 4 positional arguments but 5 were given"], "exc_module": "builtins"}','2023-11-06 06:34:45.092791',NULL,'{"children": []}',NULL,NULL,NULL,'2023-11-06 06:34:44.864432',NULL,NULL);
INSERT INTO django_celery_results_taskresult VALUES(624,'82744237-2032-4348-ab91-01fd411ddd62','SUCCESS','application/json','utf-8','true','2023-11-06 06:34:59.294237',NULL,'{"children": []}',NULL,NULL,NULL,'2023-11-06 06:34:58.977378',NULL,NULL);
INSERT INTO django_celery_results_taskresult VALUES(625,'09f44a7a-b9d3-4ce5-9787-4dc3f7e604c9','SUCCESS','application/json','utf-8','true','2023-11-06 06:35:40.785752',NULL,'{"children": [[["926f9abf-86c6-4a36-a577-c861b67bd39f", null], null]]}',NULL,NULL,NULL,'2023-11-06 06:35:40.286739',NULL,NULL);
INSERT INTO django_celery_results_taskresult VALUES(626,'8890af93-53d3-4ded-8d6f-b5216383939e','SUCCESS','application/json','utf-8','true','2023-11-06 06:35:41.928553',NULL,'{"children": [[["339891ea-0c22-465c-82af-07848e82f651", null], null]]}',NULL,NULL,NULL,'2023-11-06 06:35:41.032310',NULL,NULL);
INSERT INTO django_celery_results_taskresult VALUES(627,'926f9abf-86c6-4a36-a577-c861b67bd39f','SUCCESS','application/json','utf-8','null','2023-11-06 06:35:41.742869',NULL,'{"children": []}',NULL,NULL,NULL,'2023-11-06 06:35:41.035103',NULL,NULL);
INSERT INTO django_celery_results_taskresult VALUES(628,'339891ea-0c22-465c-82af-07848e82f651','SUCCESS','application/json','utf-8','null','2023-11-06 06:35:42.435382',NULL,'{"children": []}',NULL,NULL,NULL,'2023-11-06 06:35:42.238178',NULL,NULL);
INSERT INTO django_celery_results_taskresult VALUES(629,'121a214a-194f-4f66-8b2c-5125db727d43','SUCCESS','application/json','utf-8','true','2023-11-06 06:35:43.256791',NULL,'{"children": []}',NULL,NULL,NULL,'2023-11-06 06:35:42.948993',NULL,NULL);
INSERT INTO django_celery_results_taskresult VALUES(630,'91825c59-b90c-4ef5-9130-482857c82475','SUCCESS','application/json','utf-8','true','2023-11-06 06:35:44.982799',NULL,'{"children": []}',NULL,NULL,NULL,'2023-11-06 06:35:44.695860',NULL,NULL);
INSERT INTO django_celery_results_taskresult VALUES(631,'8849416d-f6d0-44fe-ae38-fad5f6b83991','SUCCESS','application/json','utf-8','true','2023-11-06 06:36:13.318751',NULL,'{"children": [[["0f16ad5d-4c52-4f2e-8220-3ad4021c23ab", null], null]]}',NULL,NULL,NULL,'2023-11-06 06:36:12.210234',NULL,NULL);
INSERT INTO django_celery_results_taskresult VALUES(632,'60756999-ffc7-4b04-a5b5-53d16b940bff','SUCCESS','application/json','utf-8','true','2023-11-06 06:36:13.320356',NULL,'{"children": [[["3cb1ff27-f6e2-4f2b-beb2-b97b76f67ff4", null], null]]}',NULL,NULL,NULL,'2023-11-06 06:36:12.213101',NULL,NULL);
INSERT INTO django_celery_results_taskresult VALUES(633,'0f16ad5d-4c52-4f2e-8220-3ad4021c23ab','SUCCESS','application/json','utf-8','null','2023-11-06 06:36:13.894090',NULL,'{"children": []}',NULL,NULL,NULL,'2023-11-06 06:36:13.641747',NULL,NULL);
INSERT INTO django_celery_results_taskresult VALUES(634,'3cb1ff27-f6e2-4f2b-beb2-b97b76f67ff4','SUCCESS','application/json','utf-8','null','2023-11-06 06:36:14.745313',NULL,'{"children": []}',NULL,NULL,NULL,'2023-11-06 06:36:14.470288',NULL,NULL);
INSERT INTO django_celery_results_taskresult VALUES(635,'df282103-402b-4ca8-87f6-ae7e7279cba9','SUCCESS','application/json','utf-8','true','2023-11-06 06:36:18.664456',NULL,'{"children": []}',NULL,NULL,NULL,'2023-11-06 06:36:18.409989',NULL,NULL);
INSERT INTO django_celery_results_taskresult VALUES(636,'4105def6-db83-41e6-9a83-348bdc42e7b1','SUCCESS','application/json','utf-8','true','2023-11-06 06:36:30.180388',NULL,'{"children": []}',NULL,NULL,NULL,'2023-11-06 06:36:29.898044',NULL,NULL);
INSERT INTO django_celery_results_taskresult VALUES(637,'5c01f2cc-0520-4de3-8ae7-26aa460ae68e','SUCCESS','application/json','utf-8','true','2023-11-06 06:37:51.037395',NULL,'{"children": [[["4322a221-7c93-4055-8241-de91fa9b16f6", null], null]]}',NULL,NULL,NULL,'2023-11-06 06:37:50.482843',NULL,NULL);
INSERT INTO django_celery_results_taskresult VALUES(638,'b981ac3f-956c-40b9-9f79-f78405e13ac7','SUCCESS','application/json','utf-8','true','2023-11-06 06:37:52.547801',NULL,'{"children": [[["f84ec384-289c-4cb2-a96b-f117d3304358", null], null]]}',NULL,NULL,NULL,'2023-11-06 06:37:51.035464',NULL,NULL);
INSERT INTO django_celery_results_taskresult VALUES(639,'4322a221-7c93-4055-8241-de91fa9b16f6','SUCCESS','application/json','utf-8','null','2023-11-06 06:37:52.063681',NULL,'{"children": []}',NULL,NULL,NULL,'2023-11-06 06:37:51.787414',NULL,NULL);
INSERT INTO django_celery_results_taskresult VALUES(640,'f84ec384-289c-4cb2-a96b-f117d3304358','SUCCESS','application/json','utf-8','null','2023-11-06 06:37:52.547489',NULL,'{"children": []}',NULL,NULL,NULL,'2023-11-06 06:37:52.068287',NULL,NULL);
INSERT INTO django_celery_results_taskresult VALUES(641,'44cda8fa-5535-4b5c-85f9-224367ac0d88','SUCCESS','application/json','utf-8','true','2023-11-06 06:37:55.480146',NULL,'{"children": []}',NULL,NULL,NULL,'2023-11-06 06:37:55.283768',NULL,NULL);
INSERT INTO django_celery_results_taskresult VALUES(642,'90073223-2287-4527-904d-e9a535477625','SUCCESS','application/json','utf-8','true','2023-11-06 06:37:56.982261',NULL,'{"children": []}',NULL,NULL,NULL,'2023-11-06 06:37:56.660112',NULL,NULL);
INSERT INTO django_celery_results_taskresult VALUES(643,'8b94f24c-92d0-4dbd-9617-130cac65291c','SUCCESS','application/json','utf-8','true','2023-11-06 06:38:42.072692',NULL,'{"children": [[["9ec87d44-86c5-4443-ad2b-51ad4872830d", null], null]]}',NULL,NULL,NULL,'2023-11-06 06:38:41.549504',NULL,NULL);
INSERT INTO django_celery_results_taskresult VALUES(644,'9ec87d44-86c5-4443-ad2b-51ad4872830d','SUCCESS','application/json','utf-8','null','2023-11-06 06:38:42.581158',NULL,'{"children": []}',NULL,NULL,NULL,'2023-11-06 06:38:42.308501',NULL,NULL);
INSERT INTO django_celery_results_taskresult VALUES(645,'7a25a7d6-fd73-4122-866f-84c1fff06db0','SUCCESS','application/json','utf-8','true','2023-11-06 07:06:38.410500',NULL,'{"children": []}',NULL,NULL,NULL,'2023-11-06 07:06:38.022784',NULL,NULL);
INSERT INTO django_celery_results_taskresult VALUES(646,'f2edf671-291f-46f4-83b9-eed4b681917d','SUCCESS','application/json','utf-8','true','2023-11-06 07:50:34.781497',NULL,'{"children": [[["e9b5fd35-33a5-415b-909d-c66ca40a14cb", null], null]]}',NULL,NULL,NULL,'2023-11-06 07:50:34.150853',NULL,NULL);
INSERT INTO django_celery_results_taskresult VALUES(647,'e9b5fd35-33a5-415b-909d-c66ca40a14cb','SUCCESS','application/json','utf-8','null','2023-11-06 07:50:35.236415',NULL,'{"children": []}',NULL,NULL,NULL,'2023-11-06 07:50:34.786098',NULL,NULL);
INSERT INTO django_celery_results_taskresult VALUES(648,'837938c9-807b-40a5-8801-5ef00d8b9945','SUCCESS','application/json','utf-8','true','2023-11-06 07:50:35.866057',NULL,'{"children": [[["b2e58f13-6381-41e7-9743-6ead97e5f38f", null], null]]}',NULL,NULL,NULL,'2023-11-06 07:50:35.468175',NULL,NULL);
INSERT INTO django_celery_results_taskresult VALUES(649,'b2e58f13-6381-41e7-9743-6ead97e5f38f','SUCCESS','application/json','utf-8','null','2023-11-06 07:50:36.435877',NULL,'{"children": []}',NULL,NULL,NULL,'2023-11-06 07:50:36.200832',NULL,NULL);
INSERT INTO django_celery_results_taskresult VALUES(650,'770ec9ae-8c8a-424a-9445-3b7edea0ea9b','SUCCESS','application/json','utf-8','true','2023-11-06 07:50:40.621537',NULL,'{"children": []}',NULL,NULL,NULL,'2023-11-06 07:50:40.331313',NULL,NULL);
INSERT INTO django_celery_results_taskresult VALUES(651,'65585cf3-f4bb-4deb-ad17-67568c1cbbea','SUCCESS','application/json','utf-8','true','2023-11-06 07:50:47.615598',NULL,'{"children": []}',NULL,NULL,NULL,'2023-11-06 07:50:47.285862',NULL,NULL);
INSERT INTO django_celery_results_taskresult VALUES(652,'137d0f79-2daf-4fd2-8576-85c856f0121a','SUCCESS','application/json','utf-8','true','2023-11-06 07:51:14.447373',NULL,'{"children": [[["69cc5b46-9a73-47ef-98e9-c8cc92c7015c", null], null]]}',NULL,NULL,NULL,'2023-11-06 07:51:13.873397',NULL,NULL);
INSERT INTO django_celery_results_taskresult VALUES(653,'69cc5b46-9a73-47ef-98e9-c8cc92c7015c','SUCCESS','application/json','utf-8','null','2023-11-06 07:51:14.833331',NULL,'{"children": []}',NULL,NULL,NULL,'2023-11-06 07:51:14.635421',NULL,NULL);
INSERT INTO django_celery_results_taskresult VALUES(654,'e76dfc07-2a51-4440-a905-27926f8d94ec','SUCCESS','application/json','utf-8','true','2023-11-06 07:51:16.954165',NULL,'{"children": []}',NULL,NULL,NULL,'2023-11-06 07:51:16.714565',NULL,NULL);
INSERT INTO django_celery_results_taskresult VALUES(655,'71814511-5e50-44c3-ade2-d4d318c9f1d8','SUCCESS','application/json','utf-8','true','2023-11-06 07:51:50.706913',NULL,'{"children": [[["b08ba391-e19a-48ec-8ac5-757614d2afd9", null], null]]}',NULL,NULL,NULL,'2023-11-06 07:51:50.099903',NULL,NULL);
INSERT INTO django_celery_results_taskresult VALUES(656,'b08ba391-e19a-48ec-8ac5-757614d2afd9','SUCCESS','application/json','utf-8','null','2023-11-06 07:51:51.139346',NULL,'{"children": []}',NULL,NULL,NULL,'2023-11-06 07:51:50.942497',NULL,NULL);
INSERT INTO django_celery_results_taskresult VALUES(657,'9ebdc8dc-dff3-4214-94bb-388b7549cfd9','SUCCESS','application/json','utf-8','true','2023-11-06 07:51:53.087082',NULL,'{"children": []}',NULL,NULL,NULL,'2023-11-06 07:51:52.824785',NULL,NULL);
INSERT INTO django_celery_results_taskresult VALUES(658,'5cf62159-351d-412e-95dc-ba8bff4f93dc','SUCCESS','application/json','utf-8','true','2023-11-06 07:53:16.433120',NULL,'{"children": [[["900aeac6-93d2-44e6-8d80-68b1a5972b2c", null], null]]}',NULL,NULL,NULL,'2023-11-06 07:53:16.063171',NULL,NULL);
INSERT INTO django_celery_results_taskresult VALUES(659,'900aeac6-93d2-44e6-8d80-68b1a5972b2c','SUCCESS','application/json','utf-8','null','2023-11-06 07:53:16.810771',NULL,'{"children": []}',NULL,NULL,NULL,'2023-11-06 07:53:16.617619',NULL,NULL);
INSERT INTO django_celery_results_taskresult VALUES(660,'5d0ba303-2540-4ede-82f8-7218bf397251','SUCCESS','application/json','utf-8','true','2023-11-06 07:53:18.801413',NULL,'{"children": []}',NULL,NULL,NULL,'2023-11-06 07:53:18.542928',NULL,NULL);
INSERT INTO django_celery_results_taskresult VALUES(661,'9460c8c4-b047-4ef2-bcb9-32d376ab385b','SUCCESS','application/json','utf-8','true','2023-11-06 07:55:59.976328',NULL,'{"children": [[["b56dee90-8770-4725-9751-4cc0b6562d6c", null], null]]}',NULL,NULL,NULL,'2023-11-06 07:55:59.521960',NULL,NULL);
INSERT INTO django_celery_results_taskresult VALUES(662,'b4c0e7d9-1a8f-418e-97f6-676bc82c58df','SUCCESS','application/json','utf-8','true','2023-11-06 07:56:00.887782',NULL,'{"children": [[["c52a0df0-0794-4fa6-907c-f18590ce56b1", null], null]]}',NULL,NULL,NULL,'2023-11-06 07:56:00.254895',NULL,NULL);
INSERT INTO django_celery_results_taskresult VALUES(663,'b56dee90-8770-4725-9751-4cc0b6562d6c','SUCCESS','application/json','utf-8','null','2023-11-06 07:56:01.445325',NULL,'{"children": []}',NULL,NULL,NULL,'2023-11-06 07:56:01.213814',NULL,NULL);
INSERT INTO django_celery_results_taskresult VALUES(664,'c52a0df0-0794-4fa6-907c-f18590ce56b1','SUCCESS','application/json','utf-8','null','2023-11-06 07:56:02.003693',NULL,'{"children": []}',NULL,NULL,NULL,'2023-11-06 07:56:01.726860',NULL,NULL);
INSERT INTO django_celery_results_taskresult VALUES(665,'4311d089-bc96-498f-9d35-85a0e4b5c965','SUCCESS','application/json','utf-8','true','2023-11-06 08:06:11.651809',NULL,'{"children": [[["c01de488-dcf4-46d0-b50f-e99dcff8f05f", null], null]]}',NULL,NULL,NULL,'2023-11-06 08:06:11.122001',NULL,NULL);
INSERT INTO django_celery_results_taskresult VALUES(666,'c01de488-dcf4-46d0-b50f-e99dcff8f05f','SUCCESS','application/json','utf-8','null','2023-11-06 08:06:12.429550',NULL,'{"children": []}',NULL,NULL,NULL,'2023-11-06 08:06:12.188551',NULL,NULL);
INSERT INTO django_celery_results_taskresult VALUES(667,'06c39580-ec78-461f-970b-a0f2dabf7c42','SUCCESS','application/json','utf-8','true','2023-11-06 08:06:13.188757',NULL,'{"children": [[["d70d75c7-578b-4072-b815-97d1798387ea", null], null]]}',NULL,NULL,NULL,'2023-11-06 08:06:11.958808',NULL,NULL);
INSERT INTO django_celery_results_taskresult VALUES(668,'d70d75c7-578b-4072-b815-97d1798387ea','SUCCESS','application/json','utf-8','null','2023-11-06 08:06:13.753116',NULL,'{"children": []}',NULL,NULL,NULL,'2023-11-06 08:06:13.525197',NULL,NULL);
INSERT INTO django_celery_results_taskresult VALUES(669,'2158cde6-dc65-444d-a3b5-d4f4c593758d','SUCCESS','application/json','utf-8','true','2023-11-06 08:35:42.864331',NULL,'{"children": []}',NULL,NULL,NULL,'2023-11-06 08:35:42.586327',NULL,NULL);
INSERT INTO django_celery_results_taskresult VALUES(670,'315c3f81-3922-49bf-9fa8-ada5eff5ce46','SUCCESS','application/json','utf-8','true','2023-11-06 08:35:44.907208',NULL,'{"children": []}',NULL,NULL,NULL,'2023-11-06 08:35:44.578376',NULL,NULL);
INSERT INTO django_celery_results_taskresult VALUES(671,'db686bb5-148f-47e5-ada4-431a74a95e81','SUCCESS','application/json','utf-8','true','2023-11-06 08:35:49.574747',NULL,'{"children": []}',NULL,NULL,NULL,'2023-11-06 08:35:49.343981',NULL,NULL);
INSERT INTO django_celery_results_taskresult VALUES(672,'8cf292ca-bdac-406d-ad92-acd799a9e2be','SUCCESS','application/json','utf-8','true','2023-11-06 08:35:53.450788',NULL,'{"children": []}',NULL,NULL,NULL,'2023-11-06 08:35:53.197136',NULL,NULL);
INSERT INTO django_celery_results_taskresult VALUES(673,'27bd9504-5563-4323-a14f-84ee5d089634','SUCCESS','application/json','utf-8','true','2023-11-06 08:35:55.809324',NULL,'{"children": []}',NULL,NULL,NULL,'2023-11-06 08:35:55.606765',NULL,NULL);
CREATE TABLE IF NOT EXISTS "django_celery_beat_intervalschedule" ("id" integer NOT NULL PRIMARY KEY AUTOINCREMENT, "every" integer NOT NULL, "period" varchar(24) NOT NULL);
CREATE TABLE IF NOT EXISTS "django_celery_beat_periodictasks" ("ident" smallint NOT NULL PRIMARY KEY, "last_update" datetime NOT NULL);
INSERT INTO django_celery_beat_periodictasks VALUES(1,'2023-11-05 17:50:48.854522');
CREATE TABLE IF NOT EXISTS "django_celery_beat_solarschedule" ("id" integer NOT NULL PRIMARY KEY AUTOINCREMENT, "event" varchar(24) NOT NULL, "latitude" decimal NOT NULL, "longitude" decimal NOT NULL);
CREATE TABLE IF NOT EXISTS "django_celery_beat_periodictask" ("id" integer NOT NULL PRIMARY KEY AUTOINCREMENT, "name" varchar(200) NOT NULL UNIQUE, "task" varchar(200) NOT NULL, "args" text NOT NULL, "kwargs" text NOT NULL, "queue" varchar(200) NULL, "exchange" varchar(200) NULL, "routing_key" varchar(200) NULL, "expires" datetime NULL, "enabled" bool NOT NULL, "last_run_at" datetime NULL, "total_run_count" integer unsigned NOT NULL CHECK ("total_run_count" >= 0), "date_changed" datetime NOT NULL, "description" text NOT NULL, "crontab_id" integer NULL REFERENCES "django_celery_beat_crontabschedule" ("id") DEFERRABLE INITIALLY DEFERRED, "interval_id" integer NULL REFERENCES "django_celery_beat_intervalschedule" ("id") DEFERRABLE INITIALLY DEFERRED, "solar_id" integer NULL REFERENCES "django_celery_beat_solarschedule" ("id") DEFERRABLE INITIALLY DEFERRED, "one_off" bool NOT NULL, "start_time" datetime NULL, "priority" integer unsigned NULL CHECK ("priority" >= 0), "headers" text NOT NULL, "clocked_id" integer NULL REFERENCES "django_celery_beat_clockedschedule" ("id") DEFERRABLE INITIALLY DEFERRED, "expire_seconds" integer unsigned NULL CHECK ("expire_seconds" >= 0));
CREATE TABLE IF NOT EXISTS "django_celery_beat_clockedschedule" ("id" integer NOT NULL PRIMARY KEY AUTOINCREMENT, "clocked_time" datetime NOT NULL);
CREATE TABLE IF NOT EXISTS "django_celery_beat_crontabschedule" ("id" integer NOT NULL PRIMARY KEY AUTOINCREMENT, "minute" varchar(240) NOT NULL, "hour" varchar(96) NOT NULL, "day_of_week" varchar(64) NOT NULL, "day_of_month" varchar(124) NOT NULL, "month_of_year" varchar(64) NOT NULL, "timezone" varchar(63) NOT NULL);
CREATE TABLE IF NOT EXISTS "order_service_memu" ("id" integer NOT NULL PRIMARY KEY AUTOINCREMENT, "created_at" datetime NOT NULL, "updated_at" datetime NOT NULL, "item_name" varchar(100) NOT NULL, "image_url" varchar(200) NOT NULL, "description" text NULL, "is_vegetarian" bool NOT NULL, "is_spicy" bool NOT NULL, "is_gluten_free" bool NOT NULL, "category_id" bigint NULL REFERENCES "order_service_menucategory" ("id") DEFERRABLE INITIALLY DEFERRED, "price" integer unsigned NOT NULL CHECK ("price" >= 0));
INSERT INTO order_service_memu VALUES(1,'2023-10-31 19:02:46.665448','2023-11-05 09:44:48.911118','Chicken McMuffin','https://img.freepik.com/free-vector/isolated-delicious-hamburger-cartoon_1308-134032.jpg',replace(replace('360 Cals360 calories\r\nA breaded seasoned chicken patty, made with chicken raised on Canadian farms with mayonnaise style sauce, a slice of tasty processed cheddar cheese sitting on a toasted English muffin.','\r',char(13)),'\n',char(10)),1,1,0,1,122);
INSERT INTO order_service_memu VALUES(2,'2023-10-31 19:03:20.625662','2023-11-05 09:44:45.715682','Big Mac','https://img.freepik.com/free-vector/isolated-delicious-hamburger-cartoon_1308-134032.jpg',replace(replace('570 Cals570 calories\r\nNothing compares to two 100% Canadian beef patties, special sauce, crisp lettuce, processed cheddar cheese, pickles and onions on a toasted sesame seed bun.','\r',char(13)),'\n',char(10)),1,1,0,2,599);
INSERT INTO order_service_memu VALUES(3,'2023-11-01 00:47:15.279176','2023-11-05 09:44:42.300059','Egg BLT McMuffin','https://img.freepik.com/free-photo/tasty-burger-isolated-white-background-fresh-hamburger-fastfood-with-beef-cheese_90220-1063.jpg','For historic continuity, ferociously loyal community support, and an atmosphere that you could spread with a knife, you can''t beat the hamburger joint Louis'' Lunch,',0,0,0,3,1002);
INSERT INTO order_service_memu VALUES(4,'2023-11-01 00:48:58.831852','2023-11-05 09:44:38.634314','Roujiamo','https://img.freepik.com/premium-vector/mascot-hamburger-cheeseburger-cartoon-character_120675-148.jpg','Looking for the best apple recipes? While we’ll happily crunch almost any apple out of hand, there are many more delightful ways to eat the fruit you haul home from the U-Pick orchards',0,0,0,5,945);
INSERT INTO order_service_memu VALUES(5,'2023-11-01 04:55:22.153500','2023-11-05 09:44:35.081076','Uncle Burger','https://img.freepik.com/free-vector/isolated-delicious-hamburger-cartoon_1308-134032.jpg','79 Apple Recipes for Making the Most of Your Orchard Haul',1,0,1,4,987);
CREATE TABLE IF NOT EXISTS "order_service_order" ("id" integer NOT NULL PRIMARY KEY AUTOINCREMENT, "created_at" datetime NOT NULL, "updated_at" datetime NOT NULL, "meal_id" integer unsigned NOT NULL CHECK ("meal_id" >= 0), "item_name" varchar(100) NOT NULL, "quantity" integer unsigned NOT NULL CHECK ("quantity" >= 0), "order_id" varchar(64) NOT NULL, "done" bool NOT NULL, "total_price" integer unsigned NOT NULL CHECK ("total_price" >= 0));
INSERT INTO order_service_order VALUES(1,'2023-11-05 10:16:30.175250','2023-11-05 10:16:30.175317',3,'Egg BLT McMuffin®',3,'e0eb8d5c-c8bf-4f1a-b899-3835f85a4f00',0,30);
INSERT INTO order_service_order VALUES(2,'2023-11-05 10:16:30.700299','2023-11-05 10:16:30.700376',4,'Roujiamo',2,'e0eb8d5c-c8bf-4f1a-b899-3835f85a4f00',0,18);
INSERT INTO order_service_order VALUES(3,'2023-11-05 10:16:31.183212','2023-11-05 10:16:31.183276',2,'Big Mac',1,'e0eb8d5c-c8bf-4f1a-b899-3835f85a4f00',0,5);
INSERT INTO order_service_order VALUES(4,'2023-11-05 10:27:27.810148','2023-11-05 10:27:27.810210',3,'Egg BLT McMuffin',3,'176fe607-172b-49ff-a1e3-12fc6638eab3',0,3006);
INSERT INTO order_service_order VALUES(5,'2023-11-05 10:27:29.051787','2023-11-05 10:27:29.051859',2,'Big Mac',2,'176fe607-172b-49ff-a1e3-12fc6638eab3',0,1198);
INSERT INTO order_service_order VALUES(6,'2023-11-05 12:15:13.472171','2023-11-05 12:15:13.472195',2,'Big Mac',2,'2918e76e-2d6e-4124-9d47-088899d054dc',0,1198);
INSERT INTO order_service_order VALUES(7,'2023-11-05 12:15:14.222537','2023-11-05 12:15:14.222558',1,'Chicken McMuffin',1,'2918e76e-2d6e-4124-9d47-088899d054dc',0,122);
INSERT INTO order_service_order VALUES(8,'2023-11-05 12:15:16.140480','2023-11-05 12:15:16.140546',5,'Uncle Burger',1,'2918e76e-2d6e-4124-9d47-088899d054dc',0,987);
INSERT INTO order_service_order VALUES(9,'2023-11-05 12:19:36.586966','2023-11-05 12:19:36.586987',2,'Big Mac',1,'e5fc4c2f-abfa-4e64-9ecc-a0704cc5d8e3',0,599);
INSERT INTO order_service_order VALUES(10,'2023-11-05 12:19:37.387452','2023-11-05 12:19:37.387557',4,'Roujiamo',1,'e5fc4c2f-abfa-4e64-9ecc-a0704cc5d8e3',0,945);
INSERT INTO order_service_order VALUES(11,'2023-11-05 12:19:38.355223','2023-11-05 12:19:38.355288',3,'Egg BLT McMuffin',1,'e5fc4c2f-abfa-4e64-9ecc-a0704cc5d8e3',0,1002);
INSERT INTO order_service_order VALUES(12,'2023-11-05 17:36:44.465943','2023-11-05 17:36:44.466012',2,'Big Mac',2,'39202b7e-3c25-46d7-82c7-e32a20269657',0,1198);
INSERT INTO order_service_order VALUES(13,'2023-11-05 17:36:46.018033','2023-11-05 17:36:46.018113',3,'Egg BLT McMuffin',1,'39202b7e-3c25-46d7-82c7-e32a20269657',0,1002);
INSERT INTO order_service_order VALUES(14,'2023-11-05 17:36:46.848593','2023-11-05 17:36:46.848698',4,'Roujiamo',1,'39202b7e-3c25-46d7-82c7-e32a20269657',0,945);
INSERT INTO order_service_order VALUES(15,'2023-11-05 18:37:00.956684','2023-11-05 18:37:00.956710',2,'Big Mac',1,'1e028b0d-68be-47c1-ad5a-e88664838225',0,599);
INSERT INTO order_service_order VALUES(16,'2023-11-05 18:37:02.057650','2023-11-05 18:37:02.057718',3,'Egg BLT McMuffin',1,'1e028b0d-68be-47c1-ad5a-e88664838225',0,1002);
INSERT INTO order_service_order VALUES(17,'2023-11-05 18:40:05.922717','2023-11-05 18:40:05.922828',4,'Roujiamo',1,'7fa10288-b78e-43a0-9523-946de3bd0d80',0,945);
INSERT INTO order_service_order VALUES(18,'2023-11-05 18:40:06.996537','2023-11-05 18:40:06.996577',3,'Egg BLT McMuffin',1,'7fa10288-b78e-43a0-9523-946de3bd0d80',0,1002);
INSERT INTO order_service_order VALUES(19,'2023-11-05 18:51:01.924726','2023-11-05 18:51:01.924782',3,'Egg BLT McMuffin',2,'734e84e2-ab5e-4c36-80b1-485f844d2b14',0,2004);
INSERT INTO order_service_order VALUES(20,'2023-11-05 18:51:02.375626','2023-11-05 18:51:02.375727',4,'Roujiamo',2,'734e84e2-ab5e-4c36-80b1-485f844d2b14',0,1890);
INSERT INTO order_service_order VALUES(21,'2023-11-05 18:51:02.808428','2023-11-05 18:51:02.808507',2,'Big Mac',1,'734e84e2-ab5e-4c36-80b1-485f844d2b14',0,599);
INSERT INTO order_service_order VALUES(22,'2023-11-05 18:53:57.404982','2023-11-05 18:53:57.405046',1,'Chicken McMuffin',1,'dd30749d-16ec-42d0-af97-41d3b82642e3',0,122);
INSERT INTO order_service_order VALUES(23,'2023-11-05 18:53:58.063472','2023-11-05 18:53:58.063534',3,'Egg BLT McMuffin',1,'dd30749d-16ec-42d0-af97-41d3b82642e3',0,1002);
INSERT INTO order_service_order VALUES(24,'2023-11-05 18:53:59.272133','2023-11-05 18:53:59.272198',4,'Roujiamo',1,'dd30749d-16ec-42d0-af97-41d3b82642e3',0,945);
INSERT INTO order_service_order VALUES(25,'2023-11-05 18:55:40.098838','2023-11-05 18:55:40.098901',3,'Egg BLT McMuffin',1,'ee2518f8-213a-4530-b485-b7c2d1f99e8c',0,1002);
INSERT INTO order_service_order VALUES(26,'2023-11-05 18:55:41.182421','2023-11-05 18:55:41.182487',4,'Roujiamo',1,'ee2518f8-213a-4530-b485-b7c2d1f99e8c',0,945);
INSERT INTO order_service_order VALUES(27,'2023-11-05 18:55:41.607332','2023-11-05 18:55:41.607391',5,'Uncle Burger',1,'ee2518f8-213a-4530-b485-b7c2d1f99e8c',0,987);
INSERT INTO order_service_order VALUES(28,'2023-11-05 18:57:38.620593','2023-11-05 18:57:38.620653',2,'Big Mac',1,'9e946a15-271e-4286-bbdf-859eb19a03cd',0,599);
INSERT INTO order_service_order VALUES(29,'2023-11-05 18:57:39.045506','2023-11-05 18:57:39.045565',4,'Roujiamo',1,'9e946a15-271e-4286-bbdf-859eb19a03cd',0,945);
INSERT INTO order_service_order VALUES(30,'2023-11-05 18:57:39.470742','2023-11-05 18:57:39.470808',3,'Egg BLT McMuffin',1,'9e946a15-271e-4286-bbdf-859eb19a03cd',0,1002);
INSERT INTO order_service_order VALUES(31,'2023-11-05 20:19:26.685954','2023-11-05 20:19:26.686020',2,'Big Mac',1,'6e5c4fa1-61db-4484-a2b0-70b8a3a2c5f0',0,599);
INSERT INTO order_service_order VALUES(32,'2023-11-05 20:19:27.119556','2023-11-05 20:19:27.119618',4,'Roujiamo',1,'6e5c4fa1-61db-4484-a2b0-70b8a3a2c5f0',0,945);
INSERT INTO order_service_order VALUES(33,'2023-11-05 20:19:27.544395','2023-11-05 20:19:27.544459',3,'Egg BLT McMuffin',2,'6e5c4fa1-61db-4484-a2b0-70b8a3a2c5f0',0,2004);
INSERT INTO order_service_order VALUES(34,'2023-11-05 20:26:10.870355','2023-11-05 20:26:10.870422',3,'Egg BLT McMuffin',1,'2bb93902-1f32-4661-b160-c00fd5b6c630',0,1002);
INSERT INTO order_service_order VALUES(35,'2023-11-05 20:26:11.560931','2023-11-05 20:26:11.561004',4,'Roujiamo',1,'2bb93902-1f32-4661-b160-c00fd5b6c630',0,945);
INSERT INTO order_service_order VALUES(36,'2023-11-05 20:27:03.845876','2023-11-05 20:27:03.845989',2,'Big Mac',1,'5d67556b-d281-4fb0-a539-69e72687db19',0,599);
INSERT INTO order_service_order VALUES(37,'2023-11-05 20:27:04.572233','2023-11-05 20:27:04.572313',3,'Egg BLT McMuffin',1,'5d67556b-d281-4fb0-a539-69e72687db19',0,1002);
INSERT INTO order_service_order VALUES(38,'2023-11-05 20:28:18.577566','2023-11-05 20:28:18.577675',3,'Egg BLT McMuffin',1,'d8f04a55-8971-4ddd-ac5d-5e3ab32aa8d7',0,1002);
INSERT INTO order_service_order VALUES(39,'2023-11-05 20:28:19.001955','2023-11-05 20:28:19.001996',4,'Roujiamo',1,'d8f04a55-8971-4ddd-ac5d-5e3ab32aa8d7',0,945);
INSERT INTO order_service_order VALUES(40,'2023-11-05 20:28:42.541479','2023-11-05 20:28:42.541504',3,'Egg BLT McMuffin',1,'fbef02eb-ab26-4bf7-9108-aa9bfc7d1b7d',0,1002);
INSERT INTO order_service_order VALUES(41,'2023-11-05 20:28:43.359544','2023-11-05 20:28:43.359636',4,'Roujiamo',1,'fbef02eb-ab26-4bf7-9108-aa9bfc7d1b7d',0,945);
INSERT INTO order_service_order VALUES(42,'2023-11-05 20:40:47.907105','2023-11-05 20:40:47.907211',3,'Egg BLT McMuffin',1,'f8e70bfc-33a5-4447-a089-15bab3e213ca',0,1002);
INSERT INTO order_service_order VALUES(43,'2023-11-05 20:40:49.132391','2023-11-05 20:40:49.132540',4,'Roujiamo',1,'f8e70bfc-33a5-4447-a089-15bab3e213ca',0,945);
INSERT INTO order_service_order VALUES(44,'2023-11-05 20:55:24.947710','2023-11-05 20:55:24.947777',3,'Egg BLT McMuffin',1,'ae6e3b61-431d-4b5b-af2b-2e153b3e8318',0,1002);
INSERT INTO order_service_order VALUES(45,'2023-11-05 20:55:25.631448','2023-11-05 20:55:25.631552',4,'Roujiamo',1,'ae6e3b61-431d-4b5b-af2b-2e153b3e8318',0,945);
INSERT INTO order_service_order VALUES(46,'2023-11-05 21:00:32.033513','2023-11-05 21:00:32.033581',3,'Egg BLT McMuffin',1,'b431a34e-16f8-4279-adb0-22ee0596d097',0,1002);
INSERT INTO order_service_order VALUES(47,'2023-11-05 21:00:33.250356','2023-11-05 21:00:33.250421',4,'Roujiamo',1,'b431a34e-16f8-4279-adb0-22ee0596d097',0,945);
INSERT INTO order_service_order VALUES(48,'2023-11-05 21:01:21.451372','2023-11-05 21:01:21.451411',4,'Roujiamo',1,'ee0243a9-b4a3-4b8d-92b8-b013c1cfc49a',0,945);
INSERT INTO order_service_order VALUES(49,'2023-11-05 21:04:19.035036','2023-11-05 21:04:19.035106',4,'Roujiamo',1,'04d74f02-4375-453a-b5e3-08113272edbf',0,945);
INSERT INTO order_service_order VALUES(50,'2023-11-05 21:04:19.863955','2023-11-05 21:04:19.864009',3,'Egg BLT McMuffin',1,'04d74f02-4375-453a-b5e3-08113272edbf',0,1002);
INSERT INTO order_service_order VALUES(51,'2023-11-05 21:06:33.801517','2023-11-05 21:06:33.801587',3,'Egg BLT McMuffin',1,'e067d929-eb01-444f-82ef-1db29da7adeb',0,1002);
INSERT INTO order_service_order VALUES(52,'2023-11-05 21:06:35.260124','2023-11-05 21:06:35.260193',4,'Roujiamo',1,'e067d929-eb01-444f-82ef-1db29da7adeb',0,945);
INSERT INTO order_service_order VALUES(53,'2023-11-05 21:09:17.143449','2023-11-05 21:09:17.143517',3,'Egg BLT McMuffin',1,'5bb22f8c-1a22-4341-8abf-7b31692af00f',0,1002);
INSERT INTO order_service_order VALUES(54,'2023-11-05 21:09:17.917849','2023-11-05 21:09:17.917886',4,'Roujiamo',1,'5bb22f8c-1a22-4341-8abf-7b31692af00f',0,945);
INSERT INTO order_service_order VALUES(55,'2023-11-05 21:09:19.944304','2023-11-05 21:09:19.944379',2,'Big Mac',1,'5bb22f8c-1a22-4341-8abf-7b31692af00f',0,599);
INSERT INTO order_service_order VALUES(56,'2023-11-05 21:10:53.004790','2023-11-05 21:10:53.004868',2,'Big Mac',1,'6ce4054d-e77d-44df-a93c-fc6effd76675',0,599);
INSERT INTO order_service_order VALUES(57,'2023-11-05 21:10:54.230310','2023-11-05 21:10:54.230389',4,'Roujiamo',1,'6ce4054d-e77d-44df-a93c-fc6effd76675',0,945);
INSERT INTO order_service_order VALUES(58,'2023-11-05 22:14:57.341097','2023-11-05 22:14:57.341120',3,'Egg BLT McMuffin',1,'bb9b9ee9-5790-4b44-ae44-66828ea23d5f',0,1002);
INSERT INTO order_service_order VALUES(59,'2023-11-05 22:14:58.592394','2023-11-05 22:14:58.592485',4,'Roujiamo',1,'bb9b9ee9-5790-4b44-ae44-66828ea23d5f',0,945);
INSERT INTO order_service_order VALUES(60,'2023-11-05 22:21:17.823620','2023-11-05 22:21:17.823639',4,'Roujiamo',1,'ee8a1b56-df65-4164-96ed-cabf147ae35c',0,945);
INSERT INTO order_service_order VALUES(61,'2023-11-05 22:21:19.224430','2023-11-05 22:21:19.224494',3,'Egg BLT McMuffin',1,'ee8a1b56-df65-4164-96ed-cabf147ae35c',0,1002);
INSERT INTO order_service_order VALUES(62,'2023-11-05 22:35:32.769826','2023-11-05 22:35:32.769890',3,'Egg BLT McMuffin',1,'9c8a2b57-ac9a-42d4-975d-1c231fdaa673',0,1002);
INSERT INTO order_service_order VALUES(63,'2023-11-05 22:35:34.077709','2023-11-05 22:35:34.077777',4,'Roujiamo',1,'9c8a2b57-ac9a-42d4-975d-1c231fdaa673',0,945);
INSERT INTO order_service_order VALUES(64,'2023-11-05 23:22:38.725541','2023-11-05 23:22:38.725613',3,'Egg BLT McMuffin',1,'a61c4362-ecdb-450b-91a4-42883a5cb608',0,1002);
INSERT INTO order_service_order VALUES(65,'2023-11-05 23:22:40.026017','2023-11-05 23:22:40.026114',4,'Roujiamo',2,'a61c4362-ecdb-450b-91a4-42883a5cb608',0,1890);
INSERT INTO order_service_order VALUES(66,'2023-11-05 23:24:13.755939','2023-11-05 23:24:13.755956',3,'Egg BLT McMuffin',1,'5205166a-e460-4988-b97e-aa8d56b55e8e',0,1002);
INSERT INTO order_service_order VALUES(67,'2023-11-05 23:24:14.528577','2023-11-05 23:24:14.528681',4,'Roujiamo',1,'5205166a-e460-4988-b97e-aa8d56b55e8e',0,945);
INSERT INTO order_service_order VALUES(68,'2023-11-05 23:25:16.665627','2023-11-05 23:25:16.665672',3,'Egg BLT McMuffin',1,'de136467-1162-4aec-9303-fab5c7bb7dba',0,1002);
INSERT INTO order_service_order VALUES(69,'2023-11-05 23:25:17.390862','2023-11-05 23:25:17.390905',4,'Roujiamo',1,'de136467-1162-4aec-9303-fab5c7bb7dba',0,945);
INSERT INTO order_service_order VALUES(70,'2023-11-05 23:28:52.308699','2023-11-05 23:28:52.308776',3,'Egg BLT McMuffin',1,'68945e55-1164-4879-a44e-5973a911d754',0,1002);
INSERT INTO order_service_order VALUES(71,'2023-11-05 23:28:53.683071','2023-11-05 23:28:53.683093',4,'Roujiamo',1,'68945e55-1164-4879-a44e-5973a911d754',0,945);
INSERT INTO order_service_order VALUES(72,'2023-11-05 23:43:07.700737','2023-11-05 23:43:07.700818',3,'Egg BLT McMuffin',2,'5ad34965-8e5d-4b87-bc43-251bce66d32f',0,2004);
INSERT INTO order_service_order VALUES(73,'2023-11-05 23:43:08.209226','2023-11-05 23:43:08.209320',4,'Roujiamo',1,'5ad34965-8e5d-4b87-bc43-251bce66d32f',0,945);
INSERT INTO order_service_order VALUES(74,'2023-11-05 23:43:08.742540','2023-11-05 23:43:08.742619',2,'Big Mac',1,'5ad34965-8e5d-4b87-bc43-251bce66d32f',0,599);
INSERT INTO order_service_order VALUES(75,'2023-11-06 00:09:48.424357','2023-11-06 00:09:48.424429',3,'Egg BLT McMuffin',1,'49090fe0-c22c-4afe-ab58-25fe553f5b9a',0,1002);
INSERT INTO order_service_order VALUES(76,'2023-11-06 00:09:49.216306','2023-11-06 00:09:49.216378',4,'Roujiamo',1,'49090fe0-c22c-4afe-ab58-25fe553f5b9a',0,945);
INSERT INTO order_service_order VALUES(77,'2023-11-06 01:15:27.163729','2023-11-06 01:15:27.163807',3,'Egg BLT McMuffin',1,'7f6b3bea-1991-4d2b-8b18-c8e526ecce7e',0,1002);
INSERT INTO order_service_order VALUES(78,'2023-11-06 01:15:27.647424','2023-11-06 01:15:27.647502',4,'Roujiamo',1,'7f6b3bea-1991-4d2b-8b18-c8e526ecce7e',0,945);
INSERT INTO order_service_order VALUES(79,'2023-11-06 01:45:33.759334','2023-11-06 01:45:33.759407',2,'Big Mac',1,'f80c2fac-123a-46ab-a1ba-84154e72c2c1',0,599);
INSERT INTO order_service_order VALUES(80,'2023-11-06 01:45:34.278074','2023-11-06 01:45:34.278164',3,'Egg BLT McMuffin',1,'f80c2fac-123a-46ab-a1ba-84154e72c2c1',0,1002);
INSERT INTO order_service_order VALUES(81,'2023-11-06 01:45:34.826189','2023-11-06 01:45:34.826260',4,'Roujiamo',1,'f80c2fac-123a-46ab-a1ba-84154e72c2c1',0,945);
INSERT INTO order_service_order VALUES(82,'2023-11-06 01:48:55.925149','2023-11-06 01:48:55.925216',1,'Chicken McMuffin',1,'e763169f-20ff-4abd-9f1f-5363e13c327e',0,122);
INSERT INTO order_service_order VALUES(83,'2023-11-06 01:48:56.399893','2023-11-06 01:48:56.399921',2,'Big Mac',1,'e763169f-20ff-4abd-9f1f-5363e13c327e',0,599);
INSERT INTO order_service_order VALUES(84,'2023-11-06 01:48:57.442969','2023-11-06 01:48:57.443044',4,'Roujiamo',1,'e763169f-20ff-4abd-9f1f-5363e13c327e',0,945);
INSERT INTO order_service_order VALUES(85,'2023-11-06 01:48:58.267503','2023-11-06 01:48:58.267567',3,'Egg BLT McMuffin',1,'e763169f-20ff-4abd-9f1f-5363e13c327e',0,1002);
INSERT INTO order_service_order VALUES(86,'2023-11-06 01:51:38.139954','2023-11-06 01:51:38.139976',3,'Egg BLT McMuffin',2,'0dae1637-ddc1-4b55-b925-76002a9981a4',0,2004);
INSERT INTO order_service_order VALUES(87,'2023-11-06 01:51:38.648828','2023-11-06 01:51:38.648872',4,'Roujiamo',1,'0dae1637-ddc1-4b55-b925-76002a9981a4',0,945);
INSERT INTO order_service_order VALUES(88,'2023-11-06 01:53:03.190164','2023-11-06 01:53:03.190256',2,'Big Mac',3,'a9934be2-2d29-4536-837e-3ff76fa2fa95',0,1797);
INSERT INTO order_service_order VALUES(89,'2023-11-06 01:53:04.558167','2023-11-06 01:53:04.558233',3,'Egg BLT McMuffin',1,'a9934be2-2d29-4536-837e-3ff76fa2fa95',0,1002);
INSERT INTO order_service_order VALUES(90,'2023-11-06 01:53:05.975460','2023-11-06 01:53:05.975532',4,'Roujiamo',1,'a9934be2-2d29-4536-837e-3ff76fa2fa95',0,945);
INSERT INTO order_service_order VALUES(91,'2023-11-06 01:55:18.302467','2023-11-06 01:55:18.302535',3,'Egg BLT McMuffin',2,'e30b4a50-c71b-4ca3-a24b-85b06a23e72e',0,2004);
INSERT INTO order_service_order VALUES(92,'2023-11-06 01:55:19.535955','2023-11-06 01:55:19.536027',4,'Roujiamo',2,'e30b4a50-c71b-4ca3-a24b-85b06a23e72e',0,1890);
INSERT INTO order_service_order VALUES(93,'2023-11-06 02:01:44.839842','2023-11-06 02:01:44.839912',3,'Egg BLT McMuffin',1,'6adcdbf8-84df-4bc5-96e5-383aaff950e6',0,1002);
INSERT INTO order_service_order VALUES(94,'2023-11-06 02:01:46.080561','2023-11-06 02:01:46.080622',4,'Roujiamo',1,'6adcdbf8-84df-4bc5-96e5-383aaff950e6',0,945);
INSERT INTO order_service_order VALUES(95,'2023-11-06 02:08:55.959382','2023-11-06 02:08:55.959446',3,'Egg BLT McMuffin',1,'ae2ef67a-e23e-411d-a918-bc68262d9345',0,1002);
INSERT INTO order_service_order VALUES(96,'2023-11-06 02:08:57.242410','2023-11-06 02:08:57.242531',4,'Roujiamo',1,'ae2ef67a-e23e-411d-a918-bc68262d9345',0,945);
INSERT INTO order_service_order VALUES(97,'2023-11-06 02:26:23.529111','2023-11-06 02:26:23.529193',2,'Big Mac',1,'8b02d9c6-a4b4-4372-9178-d788b35e7ca8',0,599);
INSERT INTO order_service_order VALUES(98,'2023-11-06 02:26:24.746001','2023-11-06 02:26:24.746066',3,'Egg BLT McMuffin',1,'8b02d9c6-a4b4-4372-9178-d788b35e7ca8',0,1002);
INSERT INTO order_service_order VALUES(99,'2023-11-06 02:26:25.979784','2023-11-06 02:26:25.979854',4,'Roujiamo',1,'8b02d9c6-a4b4-4372-9178-d788b35e7ca8',0,945);
INSERT INTO order_service_order VALUES(100,'2023-11-06 02:26:57.002609','2023-11-06 02:26:57.002683',3,'Egg BLT McMuffin',1,'743b5436-45d0-4a8d-a70d-eab5b40c8ce4',0,1002);
INSERT INTO order_service_order VALUES(101,'2023-11-06 02:26:58.244688','2023-11-06 02:26:58.244783',4,'Roujiamo',1,'743b5436-45d0-4a8d-a70d-eab5b40c8ce4',0,945);
INSERT INTO order_service_order VALUES(102,'2023-11-06 02:28:05.194001','2023-11-06 02:28:05.194037',5,'Uncle Burger',1,'db7da218-236a-473d-8870-1e17c704e843',0,987);
INSERT INTO order_service_order VALUES(103,'2023-11-06 02:28:06.608317','2023-11-06 02:28:06.608415',1,'Chicken McMuffin',1,'db7da218-236a-473d-8870-1e17c704e843',0,122);
INSERT INTO order_service_order VALUES(104,'2023-11-06 02:28:07.458746','2023-11-06 02:28:07.458806',3,'Egg BLT McMuffin',1,'db7da218-236a-473d-8870-1e17c704e843',0,1002);
INSERT INTO order_service_order VALUES(105,'2023-11-06 02:28:09.117180','2023-11-06 02:28:09.117251',2,'Big Mac',1,'db7da218-236a-473d-8870-1e17c704e843',0,599);
INSERT INTO order_service_order VALUES(106,'2023-11-06 02:41:41.892816','2023-11-06 02:41:41.892891',3,'Egg BLT McMuffin',1,'5efb0774-11ee-4eb6-8281-0dc47ea39f70',0,1002);
INSERT INTO order_service_order VALUES(107,'2023-11-06 02:41:42.533965','2023-11-06 02:41:42.534057',4,'Roujiamo',1,'5efb0774-11ee-4eb6-8281-0dc47ea39f70',0,945);
INSERT INTO order_service_order VALUES(108,'2023-11-06 02:42:49.689591','2023-11-06 02:42:49.689661',2,'Big Mac',1,'b5b11aeb-239f-431a-b1de-fafce37f643c',0,599);
INSERT INTO order_service_order VALUES(109,'2023-11-06 02:42:50.214832','2023-11-06 02:42:50.214932',1,'Chicken McMuffin',1,'b5b11aeb-239f-431a-b1de-fafce37f643c',0,122);
INSERT INTO order_service_order VALUES(110,'2023-11-06 02:52:21.059227','2023-11-06 02:52:21.059312',3,'Egg BLT McMuffin',1,'bb75f1d9-830e-495b-8dd3-b554c9b95d38',0,1002);
INSERT INTO order_service_order VALUES(111,'2023-11-06 02:52:21.868424','2023-11-06 02:52:21.868494',4,'Roujiamo',1,'bb75f1d9-830e-495b-8dd3-b554c9b95d38',0,945);
INSERT INTO order_service_order VALUES(112,'2023-11-06 03:07:32.888211','2023-11-06 03:07:32.888279',2,'Big Mac',1,'242f1128-c13b-44f2-93a9-09919fb4470c',0,599);
INSERT INTO order_service_order VALUES(113,'2023-11-06 03:07:33.730079','2023-11-06 03:07:33.730150',3,'Egg BLT McMuffin',1,'242f1128-c13b-44f2-93a9-09919fb4470c',0,1002);
INSERT INTO order_service_order VALUES(114,'2023-11-06 04:41:26.985993','2023-11-06 04:41:26.986019',2,'Big Mac',1,'0912b2fd-7a66-48c2-8f18-a94d923cdefd',0,599);
INSERT INTO order_service_order VALUES(115,'2023-11-06 04:41:27.562408','2023-11-06 04:41:27.562487',3,'Egg BLT McMuffin',1,'0912b2fd-7a66-48c2-8f18-a94d923cdefd',0,1002);
INSERT INTO order_service_order VALUES(116,'2023-11-06 04:56:07.657255','2023-11-06 04:56:07.657306',3,'Egg BLT McMuffin',1,'a875d798-4eb8-4ce2-939b-7dd02b43ed77',0,1002);
INSERT INTO order_service_order VALUES(117,'2023-11-06 04:56:08.274573','2023-11-06 04:56:08.274646',4,'Roujiamo',1,'a875d798-4eb8-4ce2-939b-7dd02b43ed77',0,945);
INSERT INTO order_service_order VALUES(118,'2023-11-06 05:01:55.258518','2023-11-06 05:01:55.258548',3,'Egg BLT McMuffin',1,'a7e35f73-c561-4aae-85f5-c6e25e8159fd',0,1002);
INSERT INTO order_service_order VALUES(119,'2023-11-06 05:01:56.143048','2023-11-06 05:01:56.143128',4,'Roujiamo',1,'a7e35f73-c561-4aae-85f5-c6e25e8159fd',0,945);
INSERT INTO order_service_order VALUES(120,'2023-11-06 05:15:55.270110','2023-11-06 05:15:55.270373',3,'Egg BLT McMuffin',1,'2d8ad64d-bc47-45eb-a0ca-683d23a93db1',0,1002);
INSERT INTO order_service_order VALUES(121,'2023-11-06 05:15:55.803091','2023-11-06 05:15:55.803189',4,'Roujiamo',1,'2d8ad64d-bc47-45eb-a0ca-683d23a93db1',0,945);
INSERT INTO order_service_order VALUES(122,'2023-11-06 05:16:58.933193','2023-11-06 05:16:58.933213',3,'Egg BLT McMuffin',1,'314f8177-57bf-46cd-930f-7b510151a327',0,1002);
INSERT INTO order_service_order VALUES(123,'2023-11-06 05:17:59.605941','2023-11-06 05:17:59.606024',3,'Egg BLT McMuffin',1,'e86f0f7a-ac44-46fd-bdbc-af6a4e59b5b4',0,1002);
INSERT INTO order_service_order VALUES(124,'2023-11-06 05:57:14.249197','2023-11-06 05:57:14.249273',3,'Egg BLT McMuffin',1,'583913e6-e4d9-4722-8494-322d580cacef',0,1002);
INSERT INTO order_service_order VALUES(125,'2023-11-06 05:59:00.094890','2023-11-06 05:59:00.094910',3,'Egg BLT McMuffin',1,'d3686898-620a-4aec-825b-1deb4ebf38b8',0,1002);
INSERT INTO order_service_order VALUES(126,'2023-11-06 06:25:13.991925','2023-11-06 06:25:13.992004',3,'Egg BLT McMuffin',1,'86ad29a2-8021-4a54-8f40-3d82183a4cf4',0,1002);
INSERT INTO order_service_order VALUES(127,'2023-11-06 06:25:14.825423','2023-11-06 06:25:14.825504',4,'Roujiamo',1,'a1270ad3-0307-4e7e-b1f2-e4007166f61f',0,945);
INSERT INTO order_service_order VALUES(128,'2023-11-06 06:25:16.825544','2023-11-06 06:25:16.825622',3,'Egg BLT McMuffin',1,'8427d6fc-6088-4880-8ef2-438eb4464524',0,1002);
INSERT INTO order_service_order VALUES(129,'2023-11-06 06:32:56.120740','2023-11-06 06:32:56.120884',4,'Roujiamo',1,'cb1ef601-8ce9-4833-bdc8-76b03f7ca521',0,945);
INSERT INTO order_service_order VALUES(130,'2023-11-06 06:32:56.518296','2023-11-06 06:32:56.518374',3,'Egg BLT McMuffin',1,'cb1ef601-8ce9-4833-bdc8-76b03f7ca521',0,1002);
INSERT INTO order_service_order VALUES(131,'2023-11-06 06:35:40.569573','2023-11-06 06:35:40.569657',3,'Egg BLT McMuffin',1,'45b0bb9d-6335-4605-9973-80bb3c04c289',0,1002);
INSERT INTO order_service_order VALUES(132,'2023-11-06 06:35:41.275616','2023-11-06 06:35:41.275644',4,'Roujiamo',1,'45b0bb9d-6335-4605-9973-80bb3c04c289',0,945);
INSERT INTO order_service_order VALUES(133,'2023-11-06 06:36:12.523600','2023-11-06 06:36:12.523632',3,'Egg BLT McMuffin',1,'4f6f2c80-d8b3-42fe-8cfe-6dd505021dd3',0,1002);
INSERT INTO order_service_order VALUES(134,'2023-11-06 06:36:13.075616','2023-11-06 06:36:13.075694',4,'Roujiamo',1,'4f6f2c80-d8b3-42fe-8cfe-6dd505021dd3',0,945);
INSERT INTO order_service_order VALUES(135,'2023-11-06 06:37:50.793525','2023-11-06 06:37:50.793551',3,'Egg BLT McMuffin',1,'7d2801b9-4acb-4f6b-b4f9-2023d1767949',0,1002);
INSERT INTO order_service_order VALUES(136,'2023-11-06 06:37:51.251985','2023-11-06 06:37:51.252098',4,'Roujiamo',1,'7d2801b9-4acb-4f6b-b4f9-2023d1767949',0,945);
INSERT INTO order_service_order VALUES(137,'2023-11-06 06:38:41.836887','2023-11-06 06:38:41.836961',2,'Big Mac',1,'df0a983c-d992-4c18-9a36-2bd9ad5b5ded',0,599);
INSERT INTO order_service_order VALUES(138,'2023-11-06 07:50:34.574759','2023-11-06 07:50:34.574828',2,'Big Mac',1,'26de4e0c-68f7-42ea-abf1-8e31a4c24af3',0,599);
INSERT INTO order_service_order VALUES(139,'2023-11-06 07:50:35.665363','2023-11-06 07:50:35.665432',1,'Chicken McMuffin',1,'26de4e0c-68f7-42ea-abf1-8e31a4c24af3',0,122);
INSERT INTO order_service_order VALUES(140,'2023-11-06 07:51:14.182730','2023-11-06 07:51:14.182797',4,'Roujiamo',1,'9458b16d-419c-4f7c-88dc-fba15b3a7a81',0,945);
INSERT INTO order_service_order VALUES(141,'2023-11-06 07:51:50.530655','2023-11-06 07:51:50.530720',3,'Egg BLT McMuffin',1,'749b3b99-1bf4-491a-bfdd-86ac76f05189',0,1002);
INSERT INTO order_service_order VALUES(142,'2023-11-06 07:53:16.252355','2023-11-06 07:53:16.252476',3,'Egg BLT McMuffin',1,'542e8723-77a1-4c19-8e5a-092ab8575f5f',0,1002);
INSERT INTO order_service_order VALUES(143,'2023-11-06 07:55:59.776382','2023-11-06 07:55:59.776450',3,'Egg BLT McMuffin',1,'4a07d149-0f1b-4fcc-9f91-9ab6c88e0a08',0,1002);
INSERT INTO order_service_order VALUES(144,'2023-11-06 07:56:00.700921','2023-11-06 07:56:00.700990',2,'Big Mac',1,'4a07d149-0f1b-4fcc-9f91-9ab6c88e0a08',0,599);
INSERT INTO order_service_order VALUES(145,'2023-11-06 08:06:11.452187','2023-11-06 08:06:11.452298',3,'Egg BLT McMuffin',1,'5c2220ab-7cf3-4345-80c3-87653f0478af',0,1002);
INSERT INTO order_service_order VALUES(146,'2023-11-06 08:06:12.993963','2023-11-06 08:06:12.994033',2,'Big Mac',2,'5c2220ab-7cf3-4345-80c3-87653f0478af',0,1198);
CREATE TABLE IF NOT EXISTS "order_service_payment" ("id" integer NOT NULL PRIMARY KEY AUTOINCREMENT, "created_at" datetime NOT NULL, "updated_at" datetime NOT NULL, "order_id" varchar(50) NOT NULL, "currency" varchar(3) NOT NULL, "status" varchar(20) NOT NULL, "amount" integer unsigned NOT NULL CHECK ("amount" >= 0));
DELETE FROM sqlite_sequence;
INSERT INTO sqlite_sequence VALUES('django_migrations',55);
INSERT INTO sqlite_sequence VALUES('django_admin_log',492);
INSERT INTO sqlite_sequence VALUES('django_content_type',19);
INSERT INTO sqlite_sequence VALUES('auth_permission',76);
INSERT INTO sqlite_sequence VALUES('auth_group',0);
INSERT INTO sqlite_sequence VALUES('auth_user',1);
INSERT INTO sqlite_sequence VALUES('order_service_menucategory',8);
INSERT INTO sqlite_sequence VALUES('django_celery_results_chordcounter',0);
INSERT INTO sqlite_sequence VALUES('django_celery_results_taskresult',673);
INSERT INTO sqlite_sequence VALUES('django_celery_beat_periodictask',1);
INSERT INTO sqlite_sequence VALUES('django_celery_beat_crontabschedule',1);
INSERT INTO sqlite_sequence VALUES('django_celery_beat_intervalschedule',1);
INSERT INTO sqlite_sequence VALUES('order_service_memu',5);
INSERT INTO sqlite_sequence VALUES('order_service_order',146);
INSERT INTO sqlite_sequence VALUES('order_service_payment',0);
CREATE UNIQUE INDEX "auth_group_permissions_group_id_permission_id_0cd325b0_uniq" ON "auth_group_permissions" ("group_id", "permission_id");
CREATE INDEX "auth_group_permissions_group_id_b120cbf9" ON "auth_group_permissions" ("group_id");
CREATE INDEX "auth_group_permissions_permission_id_84c5c92e" ON "auth_group_permissions" ("permission_id");
CREATE UNIQUE INDEX "auth_user_groups_user_id_group_id_94350c0c_uniq" ON "auth_user_groups" ("user_id", "group_id");
CREATE INDEX "auth_user_groups_user_id_6a12ed8b" ON "auth_user_groups" ("user_id");
CREATE INDEX "auth_user_groups_group_id_97559544" ON "auth_user_groups" ("group_id");
CREATE UNIQUE INDEX "auth_user_user_permissions_user_id_permission_id_14a6b632_uniq" ON "auth_user_user_permissions" ("user_id", "permission_id");
CREATE INDEX "auth_user_user_permissions_user_id_a95ead1b" ON "auth_user_user_permissions" ("user_id");
CREATE INDEX "auth_user_user_permissions_permission_id_1fbb5f2c" ON "auth_user_user_permissions" ("permission_id");
CREATE INDEX "django_admin_log_content_type_id_c4bce8eb" ON "django_admin_log" ("content_type_id");
CREATE INDEX "django_admin_log_user_id_c564eba6" ON "django_admin_log" ("user_id");
CREATE UNIQUE INDEX "django_content_type_app_label_model_76bd3d3b_uniq" ON "django_content_type" ("app_label", "model");
CREATE UNIQUE INDEX "auth_permission_content_type_id_codename_01ab375a_uniq" ON "auth_permission" ("content_type_id", "codename");
CREATE INDEX "auth_permission_content_type_id_2f476e4b" ON "auth_permission" ("content_type_id");
CREATE INDEX "django_session_expire_date_a5c62663" ON "django_session" ("expire_date");
CREATE INDEX "django_cele_task_na_08aec9_idx" ON "django_celery_results_taskresult" ("task_name");
CREATE INDEX "django_cele_status_9b6201_idx" ON "django_celery_results_taskresult" ("status");
CREATE INDEX "django_cele_worker_d54dd8_idx" ON "django_celery_results_taskresult" ("worker");
CREATE INDEX "django_cele_date_cr_f04a50_idx" ON "django_celery_results_taskresult" ("date_created");
CREATE INDEX "django_cele_date_do_f59aad_idx" ON "django_celery_results_taskresult" ("date_done");
CREATE INDEX "django_cele_date_cr_bd6c1d_idx" ON "django_celery_results_groupresult" ("date_created");
CREATE INDEX "django_cele_date_do_caae0e_idx" ON "django_celery_results_groupresult" ("date_done");
CREATE UNIQUE INDEX "django_celery_beat_solarschedule_event_latitude_longitude_ba64999a_uniq" ON "django_celery_beat_solarschedule" ("event", "latitude", "longitude");
CREATE INDEX "django_celery_beat_periodictask_crontab_id_d3cba168" ON "django_celery_beat_periodictask" ("crontab_id");
CREATE INDEX "django_celery_beat_periodictask_interval_id_a8ca27da" ON "django_celery_beat_periodictask" ("interval_id");
CREATE INDEX "django_celery_beat_periodictask_solar_id_a87ce72c" ON "django_celery_beat_periodictask" ("solar_id");
CREATE INDEX "django_celery_beat_periodictask_clocked_id_47a69f82" ON "django_celery_beat_periodictask" ("clocked_id");
CREATE INDEX "service_menu_category_id_eaa048c6" ON "order_service_memu" ("category_id");
CREATE INDEX "item_name_idx" ON "order_service_memu" ("item_name");
CREATE INDEX "category_idx" ON "order_service_memu" ("category_id");
CREATE INDEX "meal_idx" ON "order_service_order" ("meal_id");
COMMIT;
